Areaname,STCOU,Area_sqmi_2010
UNITED STATES,00000,3531905.43
ALABAMA,01000,50645.33
"Autauga, AL",01001,594.44
"Baldwin, AL",01003,1589.78
"Barbour, AL",01005,884.88
"Bibb, AL",01007,622.58
"Blount, AL",01009,644.78
"Bullock, AL",01011,622.81
"Butler, AL",01013,776.83
"Calhoun, AL",01015,605.87
"Chambers, AL",01017,596.53
"Cherokee, AL",01019,553.7
"Chilton, AL",01021,692.85
"Choctaw, AL",01023,913.5
"Clarke, AL",01025,1238.47
"Clay, AL",01027,603.96
"Cleburne, AL",01029,560.1
"Coffee, AL",01031,678.97
"Colbert, AL",01033,592.62
"Conecuh, AL",01035,850.16
"Coosa, AL",01037,650.93
"Covington, AL",01039,1030.46
"Crenshaw, AL",01041,608.84
"Cullman, AL",01043,734.84
"Dale, AL",01045,561.15
"Dallas, AL",01047,978.7
"DeKalb, AL",01049,777.09
"Elmore, AL",01051,618.49
"Escambia, AL",01053,945.08
"Etowah, AL",01055,534.99
"Fayette, AL",01057,627.66
"Franklin, AL",01059,633.82
"Geneva, AL",01061,574.41
"Greene, AL",01063,647.11
"Hale, AL",01065,643.94
"Henry, AL",01067,561.75
"Houston, AL",01069,579.82
"Jackson, AL",01071,1077.87
"Jefferson, AL",01073,1111.28
"Lamar, AL",01075,604.85
"Lauderdale, AL",01077,667.7
"Lawrence, AL",01079,690.68
"Lee, AL",01081,607.54
"Limestone, AL",01083,559.94
"Lowndes, AL",01085,715.91
"Macon, AL",01087,608.89
"Madison, AL",01089,801.59
"Marengo, AL",01091,976.88
"Marion, AL",01093,742.29
"Marshall, AL",01095,565.84
"Mobile, AL",01097,1229.44
"Monroe, AL",01099,1025.68
"Montgomery, AL",01101,784.25
"Morgan, AL",01103,579.34
"Perry, AL",01105,719.66
"Pickens, AL",01107,881.41
"Pike, AL",01109,672.09
"Randolph, AL",01111,580.55
"Russell, AL",01113,641.14
"St. Clair, AL",01115,631.9
"Shelby, AL",01117,784.93
"Sumter, AL",01119,903.89
"Talladega, AL",01121,736.78
"Tallapoosa, AL",01123,716.52
"Tuscaloosa, AL",01125,1321.76
"Walker, AL",01127,791.19
"Washington, AL",01129,1080.21
"Wilcox, AL",01131,888.5
"Winston, AL",01133,612.98
ALASKA,02000,570640.95
"Aleutians East, AK",02013,6981.94
"Aleutians West, AK",02016,4390.28
"Anchorage, AK",02020,1704.68
"Bethel, AK",02050,40570
"Bristol Bay, AK",02060,503.84
"Denali, AK",02068,12751.41
"Dillingham, AK",02070,18568.78
"Fairbanks North Star, AK",02090,7338.21
"Haines, AK",02100,2318.6
"Hoonah-Angoon, AK",02105,7524.92
"Juneau, AK",02110,2701.93
"Kenai Peninsula, AK",02122,16075.33
"Ketchikan Gateway, AK",02130,4858.41
"Kodiak Island, AK",02150,6549.58
"Lake and Peninsula, AK",02164,23652.01
"Matanuska-Susitna, AK",02170,24607.9
"Nome, AK",02180,22961.76
"North Slope, AK",02185,88695.41
"Northwest Arctic, AK",02188,35572.58
"Petersburg, AK",02195,3281.98
"Prince of Wales-Hyder, AK",02198,3922.87
"Sitka, AK",02220,2870.34
"Skagway, AK",02230,452.33
"Southeast Fairbanks, AK",02240,24768.81
"Valdez-Cordova, AK",02261,34239.88
"Wade Hampton, AK",02270,17081.43
"Wrangell, AK",02275,2541.48
"Yakutat, AK",02282,7649.46
"Yukon-Koyukuk, AK",02290,145504.79
ARIZONA,04000,113594.08
"Apache, AZ",04001,11197.52
"Cochise, AZ",04003,6165.69
"Coconino, AZ",04005,18618.89
"Gila, AZ",04007,4757.93
"Graham, AZ",04009,4622.6
"Greenlee, AZ",04011,1843.13
"La Paz, AZ",04012,4499.63
"Maricopa, AZ",04013,9200.14
"Mohave, AZ",04015,13311.08
"Navajo, AZ",04017,9950.42
"Pima, AZ",04019,9187.04
"Pinal, AZ",04021,5365.61
"Santa Cruz, AZ",04023,1236.92
"Yavapai, AZ",04025,8123.5
"Yuma, AZ",04027,5513.99
ARKANSAS,05000,52035.48
"Arkansas, AR",05001,988.77
"Ashley, AR",05003,925.35
"Baxter, AR",05005,554.28
"Benton, AR",05007,847.36
"Boone, AR",05009,590.23
"Bradley, AR",05011,649.23
"Calhoun, AR",05013,628.58
"Carroll, AR",05015,630.09
"Chicot, AR",05017,644.3
"Clark, AR",05019,866.07
"Clay, AR",05021,639.47
"Cleburne, AR",05023,553.69
"Cleveland, AR",05025,597.78
"Columbia, AR",05027,766.05
"Conway, AR",05029,552.25
"Craighead, AR",05031,707.21
"Crawford, AR",05033,593.09
"Crittenden, AR",05035,609.76
"Cross, AR",05037,616.38
"Dallas, AR",05039,667.39
"Desha, AR",05041,768.15
"Drew, AR",05043,828.36
"Faulkner, AR",05045,647.88
"Franklin, AR",05047,608.86
"Fulton, AR",05049,618.19
"Garland, AR",05051,677.78
"Grant, AR",05053,631.81
"Greene, AR",05055,577.7
"Hempstead, AR",05057,727.52
"Hot Spring, AR",05059,615.2
"Howard, AR",05061,588.55
"Independence, AR",05063,763.95
"Izard, AR",05065,580.58
"Jackson, AR",05067,633.94
"Jefferson, AR",05069,870.75
"Johnson, AR",05071,659.8
"Lafayette, AR",05073,528.27
"Lawrence, AR",05075,587.61
"Lee, AR",05077,602.62
"Lincoln, AR",05079,561.52
"Little River, AR",05081,532.25
"Logan, AR",05083,708.13
"Lonoke, AR",05085,770.73
"Madison, AR",05087,834.26
"Marion, AR",05089,597.01
"Miller, AR",05091,625.58
"Mississippi, AR",05093,900.57
"Monroe, AR",05095,607.12
"Montgomery, AR",05097,779.88
"Nevada, AR",05099,617.84
"Newton, AR",05101,820.9
"Ouachita, AR",05103,732.78
"Perry, AR",05105,551.4
"Phillips, AR",05107,695.66
"Pike, AR",05109,600.62
"Poinsett, AR",05111,758.39
"Polk, AR",05113,857.68
"Pope, AR",05115,812.55
"Prairie, AR",05117,647.96
"Pulaski, AR",05119,759.76
"Randolph, AR",05121,652.19
"St. Francis, AR",05123,634.77
"Saline, AR",05125,723.6
"Scott, AR",05127,892.32
"Searcy, AR",05129,666.1
"Sebastian, AR",05131,531.91
"Sevier, AR",05133,565.13
"Sharp, AR",05135,604.44
"Stone, AR",05137,606.41
"Union, AR",05139,1039.21
"Van Buren, AR",05141,708.14
"Washington, AR",05143,941.97
"White, AR",05145,1035.08
"Woodruff, AR",05147,586.79
"Yell, AR",05149,929.98
CALIFORNIA,06000,155779.22
"Alameda, CA",06001,739.02
"Alpine, CA",06003,738.33
"Amador, CA",06005,594.58
"Butte, CA",06007,1636.46
"Calaveras, CA",06009,1020.01
"Colusa, CA",06011,1150.73
"Contra Costa, CA",06013,715.94
"Del Norte, CA",06015,1006.37
"El Dorado, CA",06017,1707.88
"Fresno, CA",06019,5957.99
"Glenn, CA",06021,1313.95
"Humboldt, CA",06023,3567.99
"Imperial, CA",06025,4176.6
"Inyo, CA",06027,10180.88
"Kern, CA",06029,8131.92
"Kings, CA",06031,1389.42
"Lake, CA",06033,1256.46
"Lassen, CA",06035,4541.18
"Los Angeles, CA",06037,4057.88
"Madera, CA",06039,2137.07
"Marin, CA",06041,520.31
"Mariposa, CA",06043,1448.82
"Mendocino, CA",06045,3506.34
"Merced, CA",06047,1934.97
"Modoc, CA",06049,3917.77
"Mono, CA",06051,3048.98
"Monterey, CA",06053,3280.6
"Napa, CA",06055,748.36
"Nevada, CA",06057,957.77
"Orange, CA",06059,790.57
"Placer, CA",06061,1407.01
"Plumas, CA",06063,2553.04
"Riverside, CA",06065,7206.48
"Sacramento, CA",06067,964.64
"San Benito, CA",06069,1388.71
"San Bernardino, CA",06071,20056.94
"San Diego, CA",06073,4206.63
"San Francisco, CA",06075,46.87
"San Joaquin, CA",06077,1391.32
"San Luis Obispo, CA",06079,3298.57
"San Mateo, CA",06081,448.41
"Santa Barbara, CA",06083,2735.09
"Santa Clara, CA",06085,1290.1
"Santa Cruz, CA",06087,445.17
"Shasta, CA",06089,3775.4
"Sierra, CA",06091,953.21
"Siskiyou, CA",06093,6277.89
"Solano, CA",06095,821.77
"Sonoma, CA",06097,1575.85
"Stanislaus, CA",06099,1494.83
"Sutter, CA",06101,602.41
"Tehama, CA",06103,2949.71
"Trinity, CA",06105,3179.25
"Tulare, CA",06107,4824.22
"Tuolumne, CA",06109,2220.88
"Ventura, CA",06111,1843.13
"Yolo, CA",06113,1014.69
"Yuba, CA",06115,631.84
COLORADO,08000,103641.89
"Adams, CO",08001,1167.65
"Alamosa, CO",08003,722.64
"Arapahoe, CO",08005,798.1
"Archuleta, CO",08007,1350.18
"Baca, CO",08009,2554.97
"Bent, CO",08011,1512.86
"Boulder, CO",08013,726.29
"Broomfield, CO",08014,33.03
"Chaffee, CO",08015,1013.4
"Cheyenne, CO",08017,1778.28
"Clear Creek, CO",08019,395.23
"Conejos, CO",08021,1287.39
"Costilla, CO",08023,1226.95
"Crowley, CO",08025,787.42
"Custer, CO",08027,738.63
"Delta, CO",08029,1142.05
"Denver, CO",08031,153
"Dolores, CO",08033,1067.05
"Douglas, CO",08035,840.25
"Eagle, CO",08037,1684.53
"Elbert, CO",08039,1850.85
"El Paso, CO",08041,2126.8
"Fremont, CO",08043,1533.07
"Garfield, CO",08045,2947.56
"Gilpin, CO",08047,149.9
"Grand, CO",08049,1846.33
"Gunnison, CO",08051,3239.1
"Hinsdale, CO",08053,1117.25
"Huerfano, CO",08055,1591
"Jackson, CO",08057,1613.72
"Jefferson, CO",08059,764.21
"Kiowa, CO",08061,1767.77
"Kit Carson, CO",08063,2160.82
"Lake, CO",08065,376.91
"La Plata, CO",08067,1692.08
"Larimer, CO",08069,2596
"Las Animas, CO",08071,4772.67
"Lincoln, CO",08073,2577.63
"Logan, CO",08075,1838.55
"Mesa, CO",08077,3328.97
"Mineral, CO",08079,875.67
"Moffat, CO",08081,4743.29
"Montezuma, CO",08083,2029.53
"Montrose, CO",08085,2240.7
"Morgan, CO",08087,1280.43
"Otero, CO",08089,1261.96
"Ouray, CO",08091,541.59
"Park, CO",08093,2193.85
"Phillips, CO",08095,687.93
"Pitkin, CO",08097,970.7
"Prowers, CO",08099,1638.4
"Pueblo, CO",08101,2386.1
"Rio Blanco, CO",08103,3220.93
"Rio Grande, CO",08105,911.96
"Routt, CO",08107,2362.03
"Saguache, CO",08109,3168.53
"San Juan, CO",08111,387.49
"San Miguel, CO",08113,1286.61
"Sedgwick, CO",08115,548.04
"Summit, CO",08117,608.36
"Teller, CO",08119,557.06
"Washington, CO",08121,2518.03
"Weld, CO",08123,3987.24
"Yuma, CO",08125,2364.41
CONNECTICUT,09000,4842.36
"Fairfield, CT",09001,624.89
"Hartford, CT",09003,735.1
"Litchfield, CT",09005,920.56
"Middlesex, CT",09007,369.3
"New Haven, CT",09009,604.51
"New London, CT",09011,664.88
"Tolland, CT",09013,410.21
"Windham, CT",09015,512.91
DELAWARE,10000,1948.54
"Kent, DE",10001,586.18
"New Castle, DE",10003,426.29
"Sussex, DE",10005,936.08
DISTRICT OF COLUMBIA,11000,61.05
District of Columbia,11001,61.05
FLORIDA,12000,53624.76
"Alachua, FL",12001,875.02
"Baker, FL",12003,585.23
"Bay, FL",12005,758.46
"Bradford, FL",12007,293.96
"Brevard, FL",12009,1015.66
"Broward, FL",12011,1209.79
"Calhoun, FL",12013,567.33
"Charlotte, FL",12015,680.28
"Citrus, FL",12017,581.7
"Clay, FL",12019,604.36
"Collier, FL",12021,1998.32
"Columbia, FL",12023,797.57
"DeSoto, FL",12027,637.06
"Dixie, FL",12029,705.05
"Duval, FL",12031,762.19
"Escambia, FL",12033,656.46
"Flagler, FL",12035,485.46
"Franklin, FL",12037,534.73
"Gadsden, FL",12039,516.33
"Gilchrist, FL",12041,349.68
"Glades, FL",12043,806.01
"Gulf, FL",12045,564.01
"Hamilton, FL",12047,513.79
"Hardee, FL",12049,637.78
"Hendry, FL",12051,1152.75
"Hernando, FL",12053,472.54
"Highlands, FL",12055,1016.62
"Hillsborough, FL",12057,1020.21
"Holmes, FL",12059,478.78
"Indian River, FL",12061,502.87
"Jackson, FL",12063,917.76
"Jefferson, FL",12065,598.1
"Lafayette, FL",12067,543.41
"Lake, FL",12069,938.38
"Lee, FL",12071,784.51
"Leon, FL",12073,666.85
"Levy, FL",12075,1118.21
"Liberty, FL",12077,835.56
"Madison, FL",12079,695.95
"Manatee, FL",12081,742.93
"Marion, FL",12083,1584.55
"Martin, FL",12085,543.46
"Miami-Dade, FL",12086,1897.72
"Monroe, FL",12087,983.28
"Nassau, FL",12089,648.64
"Okaloosa, FL",12091,930.25
"Okeechobee, FL",12093,768.91
"Orange, FL",12095,903.43
"Osceola, FL",12097,1327.45
"Palm Beach, FL",12099,1969.76
"Pasco, FL",12101,746.89
"Pinellas, FL",12103,273.8
"Polk, FL",12105,1797.84
"Putnam, FL",12107,727.62
"St. Johns, FL",12109,600.66
"St. Lucie, FL",12111,571.93
"Santa Rosa, FL",12113,1011.61
"Sarasota, FL",12115,555.87
"Seminole, FL",12117,309.22
"Sumter, FL",12119,546.93
"Suwannee, FL",12121,688.55
"Taylor, FL",12123,1043.31
"Union, FL",12125,243.56
"Volusia, FL",12127,1101.03
"Wakulla, FL",12129,606.42
"Walton, FL",12131,1037.63
"Washington, FL",12133,582.8
GEORGIA,13000,57513.49
"Appling, GA",13001,507.08
"Atkinson, GA",13003,339.38
"Bacon, GA",13005,258.58
"Baker, GA",13007,341.94
"Baldwin, GA",13009,257.84
"Banks, GA",13011,232.09
"Barrow, GA",13013,160.31
"Bartow, GA",13015,459.54
"Ben Hill, GA",13017,250.12
"Berrien, GA",13019,451.9
"Bibb, GA",13021,249.76
"Bleckley, GA",13023,215.87
"Brantley, GA",13025,442.36
"Brooks, GA",13027,493.05
"Bryan, GA",13029,435.97
"Bulloch, GA",13031,672.81
"Burke, GA",13033,826.97
"Butts, GA",13035,184.39
"Calhoun, GA",13037,280.37
"Camden, GA",13039,613.03
"Candler, GA",13043,243.04
"Carroll, GA",13045,499.08
"Catoosa, GA",13047,162.16
"Charlton, GA",13049,773.58
"Chatham, GA",13051,426.44
"Chattahoochee, GA",13053,248.74
"Chattooga, GA",13055,313.34
"Cherokee, GA",13057,421.67
"Clarke, GA",13059,119.2
"Clay, GA",13061,195.38
"Clayton, GA",13063,141.57
"Clinch, GA",13065,800.22
"Cobb, GA",13067,339.55
"Coffee, GA",13069,575.1
"Colquitt, GA",13071,544.15
"Columbia, GA",13073,290.09
"Cook, GA",13075,227.16
"Coweta, GA",13077,440.89
"Crawford, GA",13079,324.89
"Crisp, GA",13081,272.58
"Dade, GA",13083,173.98
"Dawson, GA",13085,210.83
"Decatur, GA",13087,597.14
"DeKalb, GA",13089,267.58
"Dodge, GA",13091,495.89
"Dooly, GA",13093,391.94
"Dougherty, GA",13095,328.69
"Douglas, GA",13097,200.07
"Early, GA",13099,512.59
"Echols, GA",13101,414.89
"Effingham, GA",13103,477.7
"Elbert, GA",13105,351.06
"Emanuel, GA",13107,680.6
"Evans, GA",13109,182.85
"Fannin, GA",13111,386.72
"Fayette, GA",13113,194.34
"Floyd, GA",13115,509.91
"Forsyth, GA",13117,224.02
"Franklin, GA",13119,261.5
"Fulton, GA",13121,526.64
"Gilmer, GA",13123,426.54
"Glascock, GA",13125,143.74
"Glynn, GA",13127,419.75
"Gordon, GA",13129,355.81
"Grady, GA",13131,454.53
"Greene, GA",13133,387.44
"Gwinnett, GA",13135,430.38
"Habersham, GA",13137,276.74
"Hall, GA",13139,392.78
"Hancock, GA",13141,471.84
"Haralson, GA",13143,282.17
"Harris, GA",13145,463.87
"Hart, GA",13147,232.39
"Heard, GA",13149,296.03
"Henry, GA",13151,322.13
"Houston, GA",13153,375.54
"Irwin, GA",13155,354.34
"Jackson, GA",13157,339.66
"Jasper, GA",13159,368.17
"Jeff Davis, GA",13161,330.74
"Jefferson, GA",13163,526.49
"Jenkins, GA",13165,347.28
"Johnson, GA",13167,303.01
"Jones, GA",13169,393.93
"Lamar, GA",13171,183.5
"Lanier, GA",13173,185.26
"Laurens, GA",13175,807.3
"Lee, GA",13177,355.78
"Liberty, GA",13179,489.8
"Lincoln, GA",13181,210.38
"Long, GA",13183,400.29
"Lowndes, GA",13185,496.07
"Lumpkin, GA",13187,282.93
"McDuffie, GA",13189,257.46
"McIntosh, GA",13191,424.3
"Macon, GA",13193,400.64
"Madison, GA",13195,282.31
"Marion, GA",13197,366
"Meriwether, GA",13199,501.22
"Miller, GA",13201,282.42
"Mitchell, GA",13205,512.09
"Monroe, GA",13207,395.66
"Montgomery, GA",13209,239.52
"Morgan, GA",13211,347.35
"Murray, GA",13213,344.47
"Muscogee, GA",13215,216.39
"Newton, GA",13217,272.16
"Oconee, GA",13219,184.29
"Oglethorpe, GA",13221,439.01
"Paulding, GA",13223,312.22
"Peach, GA",13225,150.27
"Pickens, GA",13227,232.06
"Pierce, GA",13229,316.49
"Pike, GA",13231,216.09
"Polk, GA",13233,310.33
"Pulaski, GA",13235,249.03
"Putnam, GA",13237,344.64
"Quitman, GA",13239,151.24
"Rabun, GA",13241,369.99
"Randolph, GA",13243,428.24
"Richmond, GA",13245,324.33
"Rockdale, GA",13247,129.79
"Schley, GA",13249,166.91
"Screven, GA",13251,645.1
"Seminole, GA",13253,235.23
"Spalding, GA",13255,196.47
"Stephens, GA",13257,179.13
"Stewart, GA",13259,458.73
"Sumter, GA",13261,482.7
"Talbot, GA",13263,391.39
"Taliaferro, GA",13265,194.61
"Tattnall, GA",13267,479.4
"Taylor, GA",13269,376.69
"Telfair, GA",13271,437.3
"Terrell, GA",13273,335.44
"Thomas, GA",13275,544.6
"Tift, GA",13277,258.92
"Toombs, GA",13279,364.01
"Towns, GA",13281,166.56
"Treutlen, GA",13283,199.44
"Troup, GA",13285,413.99
"Turner, GA",13287,285.39
"Twiggs, GA",13289,358.4
"Union, GA",13291,321.93
"Upson, GA",13293,323.44
"Walker, GA",13295,446.38
"Walton, GA",13297,325.68
"Ware, GA",13299,892.46
"Warren, GA",13301,284.3
"Washington, GA",13303,678.45
"Wayne, GA",13305,641.78
"Webster, GA",13307,209.12
"Wheeler, GA",13309,295.48
"White, GA",13311,240.69
"Whitfield, GA",13313,290.46
"Wilcox, GA",13315,377.71
"Wilkes, GA",13317,469.49
"Wilkinson, GA",13319,447.31
"Worth, GA",13321,570.7
HAWAII,15000,6422.63
"Hawaii, HI",15001,4028.42
"Honolulu, HI",15003,600.74
"Kalawao, HI",15005,11.99
"Kauai, HI",15007,619.96
"Maui, HI",15009,1161.52
IDAHO,16000,82643.12
"Ada, ID",16001,1052.58
"Adams, ID",16003,1363.06
"Bannock, ID",16005,1111.99
"Bear Lake, ID",16007,974.79
"Benewah, ID",16009,776.62
"Bingham, ID",16011,2093.98
"Blaine, ID",16013,2643.59
"Boise, ID",16015,1899.24
"Bonner, ID",16017,1734.57
"Bonneville, ID",16019,1866.08
"Boundary, ID",16021,1268.56
"Butte, ID",16023,2231.67
"Camas, ID",16025,1074.49
"Canyon, ID",16027,587.37
"Caribou, ID",16029,1764.15
"Cassia, ID",16031,2565.08
"Clark, ID",16033,1764.19
"Clearwater, ID",16035,2457.27
"Custer, ID",16037,4920.94
"Elmore, ID",16039,3074.74
"Franklin, ID",16041,663.65
"Fremont, ID",16043,1863.53
"Gem, ID",16045,560.9
"Gooding, ID",16047,728.97
"Idaho, ID",16049,8477.35
"Jefferson, ID",16051,1093.5
"Jerome, ID",16053,597.19
"Kootenai, ID",16055,1244.13
"Latah, ID",16057,1076
"Lemhi, ID",16059,4563.39
"Lewis, ID",16061,478.8
"Lincoln, ID",16063,1201.41
"Madison, ID",16065,469.21
"Minidoka, ID",16067,757.59
"Nez Perce, ID",16069,848.09
"Oneida, ID",16071,1200.06
"Owyhee, ID",16073,7665.51
"Payette, ID",16075,406.87
"Power, ID",16077,1404.24
"Shoshone, ID",16079,2629.67
"Teton, ID",16081,449.46
"Twin Falls, ID",16083,1921.21
"Valley, ID",16085,3664.52
"Washington, ID",16087,1452.98
ILLINOIS,17000,55518.93
"Adams, IL",17001,855.2
"Alexander, IL",17003,235.51
"Bond, IL",17005,380.28
"Boone, IL",17007,280.72
"Brown, IL",17009,305.61
"Bureau, IL",17011,869.03
"Calhoun, IL",17013,253.83
"Carroll, IL",17015,444.81
"Cass, IL",17017,375.82
"Champaign, IL",17019,996.27
"Christian, IL",17021,709.38
"Clark, IL",17023,501.42
"Clay, IL",17025,468.32
"Clinton, IL",17027,474.09
"Coles, IL",17029,508.29
"Cook, IL",17031,945.33
"Crawford, IL",17033,443.63
"Cumberland, IL",17035,346.02
"DeKalb, IL",17037,631.31
"De Witt, IL",17039,397.51
"Douglas, IL",17041,416.67
"DuPage, IL",17043,327.5
"Edgar, IL",17045,623.37
"Edwards, IL",17047,222.42
"Effingham, IL",17049,478.78
"Fayette, IL",17051,716.48
"Ford, IL",17053,485.62
"Franklin, IL",17055,408.89
"Fulton, IL",17057,865.6
"Gallatin, IL",17059,323.07
"Greene, IL",17061,543.02
"Grundy, IL",17063,418.04
"Hamilton, IL",17065,434.67
"Hancock, IL",17067,793.73
"Hardin, IL",17069,177.53
"Henderson, IL",17071,378.87
"Henry, IL",17073,822.99
"Iroquois, IL",17075,1117.32
"Jackson, IL",17077,584.08
"Jasper, IL",17079,494.51
"Jefferson, IL",17081,571.17
"Jersey, IL",17083,369.27
"Jo Daviess, IL",17085,601.09
"Johnson, IL",17087,343.92
"Kane, IL",17089,520.06
"Kankakee, IL",17091,676.56
"Kendall, IL",17093,320.34
"Knox, IL",17095,716.4
"Lake, IL",17097,443.67
"LaSalle, IL",17099,1135.12
"Lawrence, IL",17101,372.18
"Lee, IL",17103,724.9
"Livingston, IL",17105,1044.29
"Logan, IL",17107,618.06
"McDonough, IL",17109,589.41
"McHenry, IL",17111,603.17
"McLean, IL",17113,1183.38
"Macon, IL",17115,580.69
"Macoupin, IL",17117,862.91
"Madison, IL",17119,715.58
"Marion, IL",17121,572.36
"Marshall, IL",17123,386.79
"Mason, IL",17125,539.24
"Massac, IL",17127,237.22
"Menard, IL",17129,314.44
"Mercer, IL",17131,561.2
"Monroe, IL",17133,385.01
"Montgomery, IL",17135,703.69
"Morgan, IL",17137,568.79
"Moultrie, IL",17139,335.94
"Ogle, IL",17141,758.57
"Peoria, IL",17143,619.21
"Perry, IL",17145,441.76
"Piatt, IL",17147,439.2
"Pike, IL",17149,831.38
"Pope, IL",17151,368.77
"Pulaski, IL",17153,199.19
"Putnam, IL",17155,160.16
"Randolph, IL",17157,575.5
"Richland, IL",17159,359.99
"Rock Island, IL",17161,427.64
"St. Clair, IL",17163,657.76
"Saline, IL",17165,379.82
"Sangamon, IL",17167,868.3
"Schuyler, IL",17169,437.27
"Scott, IL",17171,250.91
"Shelby, IL",17173,758.52
"Stark, IL",17175,288.08
"Stephenson, IL",17177,564.52
"Tazewell, IL",17179,648.97
"Union, IL",17181,413.46
"Vermilion, IL",17183,898.37
"Wabash, IL",17185,223.25
"Warren, IL",17187,542.41
"Washington, IL",17189,562.57
"Wayne, IL",17191,713.81
"White, IL",17193,494.77
"Whiteside, IL",17195,684.25
"Will, IL",17197,836.91
"Williamson, IL",17199,420.15
"Winnebago, IL",17201,513.36
"Woodford, IL",17203,527.8
INDIANA,18000,35826.11
"Adams, IN",18001,339.03
"Allen, IN",18003,657.31
"Bartholomew, IN",18005,406.91
"Benton, IN",18007,406.42
"Blackford, IN",18009,165.08
"Boone, IN",18011,422.91
"Brown, IN",18013,311.98
"Carroll, IN",18015,372.22
"Cass, IN",18017,412.16
"Clark, IN",18019,372.86
"Clay, IN",18021,357.54
"Clinton, IN",18023,405.07
"Crawford, IN",18025,305.64
"Daviess, IN",18027,429.49
"Dearborn, IN",18029,305.03
"Decatur, IN",18031,372.57
"DeKalb, IN",18033,362.82
"Delaware, IN",18035,392.12
"Dubois, IN",18037,427.27
"Elkhart, IN",18039,463.17
"Fayette, IN",18041,215.01
"Floyd, IN",18043,147.94
"Fountain, IN",18045,395.66
"Franklin, IN",18047,384.43
"Fulton, IN",18049,368.39
"Gibson, IN",18051,487.49
"Grant, IN",18053,414.07
"Greene, IN",18055,542.5
"Hamilton, IN",18057,394.27
"Hancock, IN",18059,306.02
"Harrison, IN",18061,484.52
"Hendricks, IN",18063,406.91
"Henry, IN",18065,391.88
"Howard, IN",18067,293.06
"Huntington, IN",18069,382.65
"Jackson, IN",18071,509.31
"Jasper, IN",18073,559.63
"Jay, IN",18075,383.91
"Jefferson, IN",18077,360.63
"Jennings, IN",18079,376.58
"Johnson, IN",18081,320.43
"Knox, IN",18083,516.03
"Kosciusko, IN",18085,531.38
"LaGrange, IN",18087,379.62
"Lake, IN",18089,498.96
"LaPorte, IN",18091,598.3
"Lawrence, IN",18093,449.17
"Madison, IN",18095,451.92
"Marion, IN",18097,396.3
"Marshall, IN",18099,443.63
"Martin, IN",18101,335.74
"Miami, IN",18103,373.84
"Monroe, IN",18105,394.51
"Montgomery, IN",18107,504.61
"Morgan, IN",18109,403.97
"Newton, IN",18111,401.76
"Noble, IN",18113,410.84
"Ohio, IN",18115,86.14
"Orange, IN",18117,398.39
"Owen, IN",18119,385.29
"Parke, IN",18121,444.66
"Perry, IN",18123,381.73
"Pike, IN",18125,334.24
"Porter, IN",18127,418.15
"Posey, IN",18129,409.57
"Pulaski, IN",18131,433.65
"Putnam, IN",18133,480.53
"Randolph, IN",18135,452.38
"Ripley, IN",18137,446.43
"Rush, IN",18139,408.12
"St. Joseph, IN",18141,457.85
"Scott, IN",18143,190.4
"Shelby, IN",18145,411.15
"Spencer, IN",18147,396.74
"Starke, IN",18149,309.13
"Steuben, IN",18151,308.94
"Sullivan, IN",18153,447.14
"Switzerland, IN",18155,220.63
"Tippecanoe, IN",18157,499.81
"Tipton, IN",18159,260.54
"Union, IN",18161,161.22
"Vanderburgh, IN",18163,233.48
"Vermillion, IN",18165,256.88
"Vigo, IN",18167,403.31
"Wabash, IN",18169,412.43
"Warren, IN",18171,364.68
"Warrick, IN",18173,384.82
"Washington, IN",18175,513.73
"Wayne, IN",18177,401.74
"Wells, IN",18179,368.09
"White, IN",18181,505.13
"Whitley, IN",18183,335.57
IOWA,19000,55857.13
"Adair, IA",19001,569.27
"Adams, IA",19003,423.44
"Allamakee, IA",19005,639.08
"Appanoose, IA",19007,497.29
"Audubon, IA",19009,442.96
"Benton, IA",19011,716.27
"Black Hawk, IA",19013,565.77
"Boone, IA",19015,571.57
"Bremer, IA",19017,435.48
"Buchanan, IA",19019,571.02
"Buena Vista, IA",19021,574.92
"Butler, IA",19023,580.13
"Calhoun, IA",19025,569.97
"Carroll, IA",19027,569.44
"Cass, IA",19029,564.27
"Cedar, IA",19031,579.44
"Cerro Gordo, IA",19033,568.31
"Cherokee, IA",19035,576.91
"Chickasaw, IA",19037,504.38
"Clarke, IA",19039,431.17
"Clay, IA",19041,567.24
"Clayton, IA",19043,778.54
"Clinton, IA",19045,694.92
"Crawford, IA",19047,714.19
"Dallas, IA",19049,588.45
"Davis, IA",19051,502.19
"Decatur, IA",19053,531.88
"Delaware, IA",19055,577.76
"Des Moines, IA",19057,416.12
"Dickinson, IA",19059,380.61
"Dubuque, IA",19061,608.31
"Emmet, IA",19063,395.88
"Fayette, IA",19065,730.81
"Floyd, IA",19067,500.63
"Franklin, IA",19069,581.97
"Fremont, IA",19071,511.15
"Greene, IA",19073,569.57
"Grundy, IA",19075,501.86
"Guthrie, IA",19077,590.62
"Hamilton, IA",19079,576.75
"Hancock, IA",19081,571.01
"Hardin, IA",19083,569.31
"Harrison, IA",19085,696.85
"Henry, IA",19087,434.33
"Howard, IA",19089,473.25
"Humboldt, IA",19091,434.35
"Ida, IA",19093,431.51
"Iowa, IA",19095,586.46
"Jackson, IA",19097,636.04
"Jasper, IA",19099,730.42
"Jefferson, IA",19101,435.51
"Johnson, IA",19103,614.04
"Jones, IA",19105,575.62
"Keokuk, IA",19107,579.18
"Kossuth, IA",19109,972.72
"Lee, IA",19111,517.52
"Linn, IA",19113,716.88
"Louisa, IA",19115,401.77
"Lucas, IA",19117,430.59
"Lyon, IA",19119,587.65
"Madison, IA",19121,561.01
"Mahaska, IA",19123,570.86
"Marion, IA",19125,554.53
"Marshall, IA",19127,572.5
"Mills, IA",19129,437.44
"Mitchell, IA",19131,469.13
"Monona, IA",19133,694.07
"Monroe, IA",19135,433.72
"Montgomery, IA",19137,424.1
"Muscatine, IA",19139,437.47
"O'Brien, IA",19141,573.04
"Osceola, IA",19143,398.68
"Page, IA",19145,534.94
"Palo Alto, IA",19147,563.84
"Plymouth, IA",19149,862.89
"Pocahontas, IA",19151,577.24
"Polk, IA",19153,573.8
"Pottawattamie, IA",19155,950.28
"Poweshiek, IA",19157,584.93
"Ringgold, IA",19159,535.5
"Sac, IA",19161,575.01
"Scott, IA",19163,458.09
"Shelby, IA",19165,590.78
"Sioux, IA",19167,768.33
"Story, IA",19169,572.82
"Tama, IA",19171,721.01
"Taylor, IA",19173,531.9
"Union, IA",19175,423.65
"Van Buren, IA",19177,484.79
"Wapello, IA",19179,431.83
"Warren, IA",19181,569.83
"Washington, IA",19183,568.84
"Wayne, IA",19185,525.44
"Webster, IA",19187,715.62
"Winnebago, IA",19189,400.49
"Winneshiek, IA",19191,689.87
"Woodbury, IA",19193,872.83
"Worth, IA",19195,400.12
"Wright, IA",19197,580.42
KANSAS,20000,81758.72
"Allen, KS",20001,500.3
"Anderson, KS",20003,579.65
"Atchison, KS",20005,431.17
"Barber, KS",20007,1134.07
"Barton, KS",20009,895.4
"Bourbon, KS",20011,635.47
"Brown, KS",20013,570.87
"Butler, KS",20015,1429.86
"Chase, KS",20017,773.06
"Chautauqua, KS",20019,638.88
"Cherokee, KS",20021,587.57
"Cheyenne, KS",20023,1019.89
"Clark, KS",20025,974.63
"Clay, KS",20027,645.3
"Cloud, KS",20029,715.34
"Coffey, KS",20031,626.95
"Comanche, KS",20033,788.3
"Cowley, KS",20035,1125.75
"Crawford, KS",20037,589.76
"Decatur, KS",20039,893.52
"Dickinson, KS",20041,847.07
"Doniphan, KS",20043,393.41
"Douglas, KS",20045,455.87
"Edwards, KS",20047,621.89
"Elk, KS",20049,644.27
"Ellis, KS",20051,899.91
"Ellsworth, KS",20053,715.85
"Finney, KS",20055,1301.97
"Ford, KS",20057,1098.27
"Franklin, KS",20059,571.76
"Geary, KS",20061,384.62
"Gove, KS",20063,1071.67
"Graham, KS",20065,898.52
"Grant, KS",20067,574.8
"Gray, KS",20069,868.87
"Greeley, KS",20071,778.45
"Greenwood, KS",20073,1143.3
"Hamilton, KS",20075,996.51
"Harper, KS",20077,801.27
"Harvey, KS",20079,539.75
"Haskell, KS",20081,577.52
"Hodgeman, KS",20083,859.99
"Jackson, KS",20085,656.22
"Jefferson, KS",20087,532.57
"Jewell, KS",20089,909.78
"Johnson, KS",20091,473.38
"Kearny, KS",20093,870.54
"Kingman, KS",20095,863.36
"Kiowa, KS",20097,722.64
"Labette, KS",20099,645.3
"Lane, KS",20101,717.46
"Leavenworth, KS",20103,462.83
"Lincoln, KS",20105,719.4
"Linn, KS",20107,594.06
"Logan, KS",20109,1072.99
"Lyon, KS",20111,847.47
"McPherson, KS",20113,898.27
"Marion, KS",20115,944.29
"Marshall, KS",20117,900.18
"Meade, KS",20119,978.09
"Miami, KS",20121,575.66
"Mitchell, KS",20123,701.79
"Montgomery, KS",20125,643.53
"Morris, KS",20127,695.28
"Morton, KS",20129,729.73
"Nemaha, KS",20131,717.43
"Neosho, KS",20133,571.47
"Ness, KS",20135,1074.75
"Norton, KS",20137,878.13
"Osage, KS",20139,705.52
"Osborne, KS",20141,892.5
"Ottawa, KS",20143,720.73
"Pawnee, KS",20145,754.26
"Phillips, KS",20147,885.88
"Pottawatomie, KS",20149,841.02
"Pratt, KS",20151,735.05
"Rawlins, KS",20153,1069.42
"Reno, KS",20155,1255.35
"Republic, KS",20157,717.37
"Rice, KS",20159,726.24
"Riley, KS",20161,609.77
"Rooks, KS",20163,890.53
"Rush, KS",20165,717.76
"Russell, KS",20167,886.26
"Saline, KS",20169,720.23
"Scott, KS",20171,717.54
"Sedgwick, KS",20173,997.51
"Seward, KS",20175,639.5
"Shawnee, KS",20177,544.02
"Sheridan, KS",20179,895.96
"Sherman, KS",20181,1056.07
"Smith, KS",20183,895.47
"Stafford, KS",20185,792.05
"Stanton, KS",20187,680.35
"Stevens, KS",20189,727.29
"Sumner, KS",20191,1181.94
"Thomas, KS",20193,1074.69
"Trego, KS",20195,889.48
"Wabaunsee, KS",20197,794.3
"Wallace, KS",20199,913.65
"Washington, KS",20201,894.76
"Wichita, KS",20203,718.57
"Wilson, KS",20205,570.42
"Woodson, KS",20207,497.82
"Wyandotte, KS",20209,151.6
KENTUCKY,21000,39486.34
"Adair, KY",21001,405.28
"Allen, KY",21003,344.34
"Anderson, KY",21005,201.83
"Ballard, KY",21007,246.66
"Barren, KY",21009,487.54
"Bath, KY",21011,278.79
"Bell, KY",21013,359
"Boone, KY",21015,246.36
"Bourbon, KY",21017,289.72
"Boyd, KY",21019,159.86
"Boyle, KY",21021,180.17
"Bracken, KY",21023,205.61
"Breathitt, KY",21025,492.41
"Breckinridge, KY",21027,567.17
"Bullitt, KY",21029,297.02
"Butler, KY",21031,426.09
"Caldwell, KY",21033,344.79
"Calloway, KY",21035,385.02
"Campbell, KY",21037,151.31
"Carlisle, KY",21039,189.43
"Carroll, KY",21041,128.57
"Carter, KY",21043,409.5
"Casey, KY",21045,444.23
"Christian, KY",21047,717.5
"Clark, KY",21049,252.46
"Clay, KY",21051,469.25
"Clinton, KY",21053,197.25
"Crittenden, KY",21055,359.95
"Cumberland, KY",21057,305.18
"Daviess, KY",21059,458.35
"Edmonson, KY",21061,302.88
"Elliott, KY",21063,234.32
"Estill, KY",21065,253.08
"Fayette, KY",21067,283.65
"Fleming, KY",21069,348.54
"Floyd, KY",21071,393.35
"Franklin, KY",21073,207.75
"Fulton, KY",21075,205.5
"Gallatin, KY",21077,101.23
"Garrard, KY",21079,230.08
"Grant, KY",21081,257.97
"Graves, KY",21083,551.74
"Grayson, KY",21085,496.7
"Green, KY",21087,286.03
"Greenup, KY",21089,344.4
"Hancock, KY",21091,187.65
"Hardin, KY",21093,623.28
"Harlan, KY",21095,465.83
"Harrison, KY",21097,306.36
"Hart, KY",21099,412.09
"Henderson, KY",21101,436.67
"Henry, KY",21103,286.28
"Hickman, KY",21105,242.27
"Hopkins, KY",21107,542
"Jackson, KY",21109,345.2
"Jefferson, KY",21111,380.42
"Jessamine, KY",21113,172.12
"Johnson, KY",21115,261.95
"Kenton, KY",21117,160.25
"Knott, KY",21119,351.52
"Knox, KY",21121,386.3
"Larue, KY",21123,261.52
"Laurel, KY",21125,433.95
"Lawrence, KY",21127,415.6
"Lee, KY",21129,208.86
"Leslie, KY",21131,400.84
"Letcher, KY",21133,337.91
"Lewis, KY",21135,482.84
"Lincoln, KY",21137,334.1
"Livingston, KY",21139,313.13
"Logan, KY",21141,552.13
"Lyon, KY",21143,213.84
"McCracken, KY",21145,248.74
"McCreary, KY",21147,426.8
"McLean, KY",21149,252.47
"Madison, KY",21151,437.29
"Magoffin, KY",21153,308.44
"Marion, KY",21155,343.01
"Marshall, KY",21157,301.25
"Martin, KY",21159,229.61
"Mason, KY",21161,240.13
"Meade, KY",21163,305.42
"Menifee, KY",21165,203.59
"Mercer, KY",21167,248.8
"Metcalfe, KY",21169,289.65
"Monroe, KY",21171,329.37
"Montgomery, KY",21173,197.37
"Morgan, KY",21175,381.13
"Muhlenberg, KY",21177,467.08
"Nelson, KY",21179,417.51
"Nicholas, KY",21181,195.17
"Ohio, KY",21183,587.27
"Oldham, KY",21185,187.22
"Owen, KY",21187,351.1
"Owsley, KY",21189,197.41
"Pendleton, KY",21191,277.16
"Perry, KY",21193,339.67
"Pike, KY",21195,786.83
"Powell, KY",21197,178.98
"Pulaski, KY",21199,658.41
"Robertson, KY",21201,99.91
"Rockcastle, KY",21203,316.55
"Rowan, KY",21205,279.8
"Russell, KY",21207,253.66
"Scott, KY",21209,281.77
"Shelby, KY",21211,379.64
"Simpson, KY",21213,234.2
"Spencer, KY",21215,186.68
"Taylor, KY",21217,266.33
"Todd, KY",21219,374.5
"Trigg, KY",21221,441.43
"Trimble, KY",21223,151.65
"Union, KY",21225,342.85
"Warren, KY",21227,541.6
"Washington, KY",21229,297.27
"Wayne, KY",21231,458.17
"Webster, KY",21233,331.94
"Whitley, KY",21235,437.83
"Wolfe, KY",21237,222.17
"Woodford, KY",21239,188.78
LOUISIANA,22000,43203.9
"Acadia, LA",22001,655.12
"Allen, LA",22003,761.85
"Ascension, LA",22005,289.98
"Assumption, LA",22007,338.66
"Avoyelles, LA",22009,832.43
"Beauregard, LA",22011,1157.34
"Bienville, LA",22013,811.27
"Bossier, LA",22015,840.06
"Caddo, LA",22017,878.54
"Calcasieu, LA",22019,1063.66
"Caldwell, LA",22021,529.43
"Cameron, LA",22023,1284.89
"Catahoula, LA",22025,708.03
"Claiborne, LA",22027,754.88
"Concordia, LA",22029,696.92
"De Soto, LA",22031,875.58
"East Baton Rouge, LA",22033,455.37
"East Carroll, LA",22035,420.7
"East Feliciana, LA",22037,453.41
"Evangeline, LA",22039,662.38
"Franklin, LA",22041,624.59
"Grant, LA",22043,643.03
"Iberia, LA",22045,574.11
"Iberville, LA",22047,618.63
"Jackson, LA",22049,569.18
"Jefferson, LA",22051,295.63
"Jefferson Davis, LA",22053,651.33
"Lafayette, LA",22055,268.72
"Lafourche, LA",22057,1068.21
"La Salle, LA",22059,624.68
"Lincoln, LA",22061,471.74
"Livingston, LA",22063,648.17
"Madison, LA",22065,624.44
"Morehouse, LA",22067,794.93
"Natchitoches, LA",22069,1252.25
"Orleans, LA",22071,169.42
"Ouachita, LA",22073,610.41
"Plaquemines, LA",22075,779.91
"Pointe Coupee, LA",22077,557.35
"Rapides, LA",22079,1317.96
"Red River, LA",22081,389.09
"Richland, LA",22083,559.04
"Sabine, LA",22085,866.66
"St. Bernard, LA",22087,377.52
"St. Charles, LA",22089,279.08
"St. Helena, LA",22091,408.4
"St. James, LA",22093,241.54
"St. John the Baptist, LA",22095,213.07
"St. Landry, LA",22097,923.88
"St. Martin, LA",22099,737.65
"St. Mary, LA",22101,555.38
"St. Tammany, LA",22103,845.55
"Tangipahoa, LA",22105,791.28
"Tensas, LA",22107,602.78
"Terrebonne, LA",22109,1231.82
"Union, LA",22111,876.99
"Vermilion, LA",22113,1173.2
"Vernon, LA",22115,1327.91
"Washington, LA",22117,669.53
"Webster, LA",22119,593.03
"West Baton Rouge, LA",22121,192.39
"West Carroll, LA",22123,359.65
"West Feliciana, LA",22125,403.21
"Winn, LA",22127,950.09
MAINE,23000,30842.92
"Androscoggin, ME",23001,467.93
"Aroostook, ME",23003,6671.33
"Cumberland, ME",23005,835.24
"Franklin, ME",23007,1696.61
"Hancock, ME",23009,1586.89
"Kennebec, ME",23011,867.52
"Knox, ME",23013,365.13
"Lincoln, ME",23015,455.82
"Oxford, ME",23017,2076.84
"Penobscot, ME",23019,3397.36
"Piscataquis, ME",23021,3960.86
"Sagadahoc, ME",23023,253.7
"Somerset, ME",23025,3924.4
"Waldo, ME",23027,729.92
"Washington, ME",23029,2562.66
"York, ME",23031,990.71
MARYLAND,24000,9707.24
"Allegany, MD",24001,424.16
"Anne Arundel, MD",24003,414.9
"Baltimore, MD",24005,598.3
"Calvert, MD",24009,213.15
"Caroline, MD",24011,319.42
"Carroll, MD",24013,447.6
"Cecil, MD",24015,346.27
"Charles, MD",24017,457.75
"Dorchester, MD",24019,540.77
"Frederick, MD",24021,660.22
"Garrett, MD",24023,647.1
"Harford, MD",24025,437.09
"Howard, MD",24027,250.74
"Kent, MD",24029,277.03
"Montgomery, MD",24031,491.25
"Prince George's, MD",24033,482.69
"Queen Anne's, MD",24035,371.91
"St. Mary's, MD",24037,357.18
"Somerset, MD",24039,319.72
"Talbot, MD",24041,268.54
"Washington, MD",24043,457.78
"Wicomico, MD",24045,374.44
"Worcester, MD",24047,468.28
"Baltimore city, MD",24510,80.94
MASSACHUSETTS,25000,7800.06
"Barnstable, MA",25001,393.72
"Berkshire, MA",25003,926.83
"Bristol, MA",25005,553.1
"Dukes, MA",25007,103.25
"Essex, MA",25009,492.56
"Franklin, MA",25011,699.32
"Hampden, MA",25013,617.14
"Hampshire, MA",25015,527.26
"Middlesex, MA",25017,817.82
"Nantucket, MA",25019,44.97
"Norfolk, MA",25021,396.11
"Plymouth, MA",25023,659.08
"Suffolk, MA",25025,58.15
"Worcester, MA",25027,1510.77
MICHIGAN,26000,56538.9
"Alcona, MI",26001,674.59
"Alger, MI",26003,915.07
"Allegan, MI",26005,825.23
"Alpena, MI",26007,571.86
"Antrim, MI",26009,475.7
"Arenac, MI",26011,363.19
"Baraga, MI",26013,898.26
"Barry, MI",26015,553.09
"Bay, MI",26017,442.3
"Benzie, MI",26019,319.7
"Berrien, MI",26021,567.75
"Branch, MI",26023,506.37
"Calhoun, MI",26025,706.23
"Cass, MI",26027,490.06
"Charlevoix, MI",26029,416.34
"Cheboygan, MI",26031,715.26
"Chippewa, MI",26033,1558.42
"Clare, MI",26035,564.32
"Clinton, MI",26037,566.41
"Crawford, MI",26039,556.28
"Delta, MI",26041,1171.1
"Dickinson, MI",26043,761.4
"Eaton, MI",26045,575.18
"Emmet, MI",26047,467.49
"Genesee, MI",26049,636.98
"Gladwin, MI",26051,501.78
"Gogebic, MI",26053,1101.85
"Grand Traverse, MI",26055,464.33
"Gratiot, MI",26057,568.46
"Hillsdale, MI",26059,598.13
"Houghton, MI",26061,1009.1
"Huron, MI",26063,835.71
"Ingham, MI",26065,556.12
"Ionia, MI",26067,571.3
"Iosco, MI",26069,549.1
"Iron, MI",26071,1166.15
"Isabella, MI",26073,572.68
"Jackson, MI",26075,701.67
"Kalamazoo, MI",26077,561.66
"Kalkaska, MI",26079,559.87
"Kent, MI",26081,846.95
"Keweenaw, MI",26083,540.11
"Lake, MI",26085,567.37
"Lapeer, MI",26087,643.01
"Leelanau, MI",26089,347.17
"Lenawee, MI",26091,749.56
"Livingston, MI",26093,565.25
"Luce, MI",26095,899.08
"Mackinac, MI",26097,1021.57
"Macomb, MI",26099,479.22
"Manistee, MI",26101,542.15
"Marquette, MI",26103,1808.4
"Mason, MI",26105,495.07
"Mecosta, MI",26107,555.07
"Menominee, MI",26109,1044.08
"Midland, MI",26111,516.25
"Missaukee, MI",26113,564.73
"Monroe, MI",26115,549.39
"Montcalm, MI",26117,705.4
"Montmorency, MI",26119,546.66
"Muskegon, MI",26121,499.25
"Newaygo, MI",26123,813.2
"Oakland, MI",26125,867.66
"Oceana, MI",26127,512.07
"Ogemaw, MI",26129,563.49
"Ontonagon, MI",26131,1311.23
"Osceola, MI",26133,566.39
"Oscoda, MI",26135,565.73
"Otsego, MI",26137,514.97
"Ottawa, MI",26139,563.47
"Presque Isle, MI",26141,658.72
"Roscommon, MI",26143,519.64
"Saginaw, MI",26145,800.11
"St. Clair, MI",26147,721.17
"St. Joseph, MI",26149,500.59
"Sanilac, MI",26151,962.57
"Schoolcraft, MI",26153,1171.36
"Shiawassee, MI",26155,530.67
"Tuscola, MI",26157,803.13
"Van Buren, MI",26159,607.47
"Washtenaw, MI",26161,705.97
"Wayne, MI",26163,612.08
"Wexford, MI",26165,565
MINNESOTA,27000,79626.74
"Aitkin, MN",27001,1821.66
"Anoka, MN",27003,423.01
"Becker, MN",27005,1315.2
"Beltrami, MN",27007,2504.94
"Benton, MN",27009,408.3
"Big Stone, MN",27011,499.02
"Blue Earth, MN",27013,747.84
"Brown, MN",27015,611.09
"Carlton, MN",27017,861.38
"Carver, MN",27019,354.33
"Cass, MN",27021,2021.54
"Chippewa, MN",27023,581.12
"Chisago, MN",27025,414.86
"Clay, MN",27027,1045.37
"Clearwater, MN",27029,998.94
"Cook, MN",27031,1452.28
"Cottonwood, MN",27033,638.61
"Crow Wing, MN",27035,999.1
"Dakota, MN",27037,562.17
"Dodge, MN",27039,439.28
"Douglas, MN",27041,637.3
"Faribault, MN",27043,712.48
"Fillmore, MN",27045,861.3
"Freeborn, MN",27047,707.09
"Goodhue, MN",27049,756.84
"Grant, MN",27051,548.16
"Hennepin, MN",27053,553.59
"Houston, MN",27055,552.06
"Hubbard, MN",27057,925.68
"Isanti, MN",27059,435.79
"Itasca, MN",27061,2667.72
"Jackson, MN",27063,702.98
"Kanabec, MN",27065,521.59
"Kandiyohi, MN",27067,796.79
"Kittson, MN",27069,1098.8
"Koochiching, MN",27071,3104.07
"Lac qui Parle, MN",27073,765.02
"Lake, MN",27075,2109.29
"Lake of the Woods, MN",27077,1297.87
"Le Sueur, MN",27079,448.76
"Lincoln, MN",27081,536.76
"Lyon, MN",27083,714.56
"McLeod, MN",27085,491.47
"Mahnomen, MN",27087,557.88
"Marshall, MN",27089,1775.07
"Martin, MN",27091,712.35
"Meeker, MN",27093,608.18
"Mille Lacs, MN",27095,572.31
"Morrison, MN",27097,1125.06
"Mower, MN",27099,711.33
"Murray, MN",27101,704.7
"Nicollet, MN",27103,448.49
"Nobles, MN",27105,715.11
"Norman, MN",27107,872.79
"Olmsted, MN",27109,653.35
"Otter Tail, MN",27111,1972.07
"Pennington, MN",27113,616.57
"Pine, MN",27115,1411.29
"Pipestone, MN",27117,465.06
"Polk, MN",27119,1971.13
"Pope, MN",27121,669.71
"Ramsey, MN",27123,152.21
"Red Lake, MN",27125,432.41
"Redwood, MN",27127,878.57
"Renville, MN",27129,982.91
"Rice, MN",27131,495.68
"Rock, MN",27133,482.46
"Roseau, MN",27135,1671.6
"St. Louis, MN",27137,6247.4
"Scott, MN",27139,356.48
"Sherburne, MN",27141,432.92
"Sibley, MN",27143,588.78
"Stearns, MN",27145,1343.13
"Steele, MN",27147,429.65
"Stevens, MN",27149,563.6
"Swift, MN",27151,742.08
"Todd, MN",27153,944.98
"Traverse, MN",27155,573.9
"Wabasha, MN",27157,522.98
"Wadena, MN",27159,536.27
"Waseca, MN",27161,423.36
"Washington, MN",27163,384.28
"Watonwan, MN",27165,434.95
"Wilkin, MN",27167,750.96
"Winona, MN",27169,626.21
"Wright, MN",27171,661.46
"Yellow Medicine, MN",27173,759.1
MISSISSIPPI,28000,46923.27
"Adams, MS",28001,462.41
"Alcorn, MS",28003,400.04
"Amite, MS",28005,730.1
"Attala, MS",28007,734.98
"Benton, MS",28009,406.62
"Bolivar, MS",28011,876.57
"Calhoun, MS",28013,586.57
"Carroll, MS",28015,628.24
"Chickasaw, MS",28017,501.78
"Choctaw, MS",28019,418.18
"Claiborne, MS",28021,487.41
"Clarke, MS",28023,691.55
"Clay, MS",28025,410.08
"Coahoma, MS",28027,552.44
"Copiah, MS",28029,777.24
"Covington, MS",28031,413.79
"DeSoto, MS",28033,476.15
"Forrest, MS",28035,466.31
"Franklin, MS",28037,563.78
"George, MS",28039,478.71
"Greene, MS",28041,712.76
"Grenada, MS",28043,422.11
"Hancock, MS",28045,473.75
"Harrison, MS",28047,573.99
"Hinds, MS",28049,869.74
"Holmes, MS",28051,756.7
"Humphreys, MS",28053,418.49
"Issaquena, MS",28055,413.05
"Itawamba, MS",28057,532.79
"Jackson, MS",28059,722.75
"Jasper, MS",28061,676.24
"Jefferson, MS",28063,519.93
"Jefferson Davis, MS",28065,408.44
"Jones, MS",28067,694.8
"Kemper, MS",28069,766.18
"Lafayette, MS",28071,631.71
"Lamar, MS",28073,497.06
"Lauderdale, MS",28075,703.63
"Lawrence, MS",28077,430.67
"Leake, MS",28079,583
"Lee, MS",28081,449.95
"Leflore, MS",28083,592.54
"Lincoln, MS",28085,586.12
"Lowndes, MS",28087,505.51
"Madison, MS",28089,714.51
"Marion, MS",28091,542.38
"Marshall, MS",28093,706.19
"Monroe, MS",28095,765.09
"Montgomery, MS",28097,406.98
"Neshoba, MS",28099,570.14
"Newton, MS",28101,578.1
"Noxubee, MS",28103,695.14
"Oktibbeha, MS",28105,458.2
"Panola, MS",28107,685.14
"Pearl River, MS",28109,810.86
"Perry, MS",28111,647.25
"Pike, MS",28113,409.02
"Pontotoc, MS",28115,497.69
"Prentiss, MS",28117,414.98
"Quitman, MS",28119,405.01
"Rankin, MS",28121,775.49
"Scott, MS",28123,609.19
"Sharkey, MS",28125,431.72
"Simpson, MS",28127,589.16
"Smith, MS",28129,636.25
"Stone, MS",28131,445.49
"Sunflower, MS",28133,697.75
"Tallahatchie, MS",28135,645.29
"Tate, MS",28137,404.76
"Tippah, MS",28139,457.82
"Tishomingo, MS",28141,424.25
"Tunica, MS",28143,454.67
"Union, MS",28145,415.6
"Walthall, MS",28147,403.94
"Warren, MS",28149,588.5
"Washington, MS",28151,724.74
"Wayne, MS",28153,810.75
"Webster, MS",28155,420.94
"Wilkinson, MS",28157,678.11
"Winston, MS",28159,607.25
"Yalobusha, MS",28161,467.13
"Yazoo, MS",28163,922.95
MISSOURI,29000,68741.52
"Adair, MO",29001,567.32
"Andrew, MO",29003,432.7
"Atchison, MO",29005,547.3
"Audrain, MO",29007,692.24
"Barry, MO",29009,778.25
"Barton, MO",29011,591.92
"Bates, MO",29013,836.69
"Benton, MO",29015,704.06
"Bollinger, MO",29017,617.91
"Boone, MO",29019,685.41
"Buchanan, MO",29021,408.03
"Butler, MO",29023,694.67
"Caldwell, MO",29025,426.39
"Callaway, MO",29027,834.58
"Camden, MO",29029,655.92
"Cape Girardeau, MO",29031,578.54
"Carroll, MO",29033,694.62
"Carter, MO",29035,507.36
"Cass, MO",29037,696.84
"Cedar, MO",29039,474.48
"Chariton, MO",29041,751.18
"Christian, MO",29043,562.65
"Clark, MO",29045,504.69
"Clay, MO",29047,397.3
"Clinton, MO",29049,418.96
"Cole, MO",29051,393.75
"Cooper, MO",29053,564.77
"Crawford, MO",29055,742.52
"Dade, MO",29057,490.01
"Dallas, MO",29059,540.77
"Daviess, MO",29061,563.24
"DeKalb, MO",29063,421.36
"Dent, MO",29065,752.79
"Douglas, MO",29067,813.63
"Dunklin, MO",29069,541.07
"Franklin, MO",29071,922.68
"Gasconade, MO",29073,517.8
"Gentry, MO",29075,491.42
"Greene, MO",29077,675.3
"Grundy, MO",29079,435.28
"Harrison, MO",29081,722.5
"Henry, MO",29083,696.95
"Hickory, MO",29085,399.09
"Holt, MO",29087,462.69
"Howard, MO",29089,463.85
"Howell, MO",29091,927.25
"Iron, MO",29093,550.26
"Jackson, MO",29095,604.46
"Jasper, MO",29097,638.49
"Jefferson, MO",29099,656.63
"Johnson, MO",29101,829.28
"Knox, MO",29103,504.01
"Laclede, MO",29105,764.72
"Lafayette, MO",29107,628.43
"Lawrence, MO",29109,611.74
"Lewis, MO",29111,505.04
"Lincoln, MO",29113,626.56
"Linn, MO",29115,615.56
"Livingston, MO",29117,532.33
"McDonald, MO",29119,539.48
"Macon, MO",29121,801.23
"Madison, MO",29123,494.39
"Maries, MO",29125,526.98
"Marion, MO",29127,436.92
"Mercer, MO",29129,453.84
"Miller, MO",29131,592.6
"Mississippi, MO",29133,411.58
"Moniteau, MO",29135,415.03
"Monroe, MO",29137,647.65
"Montgomery, MO",29139,536.25
"Morgan, MO",29141,597.63
"New Madrid, MO",29143,674.84
"Newton, MO",29145,624.77
"Nodaway, MO",29147,876.96
"Oregon, MO",29149,789.8
"Osage, MO",29151,604.35
"Ozark, MO",29153,744.97
"Pemiscot, MO",29155,492.54
"Perry, MO",29157,474.35
"Pettis, MO",29159,682.22
"Phelps, MO",29161,671.78
"Pike, MO",29163,670.44
"Platte, MO",29165,420.19
"Polk, MO",29167,635.52
"Pulaski, MO",29169,547.1
"Putnam, MO",29171,517.32
"Ralls, MO",29173,469.78
"Randolph, MO",29175,482.68
"Ray, MO",29177,568.81
"Reynolds, MO",29179,808.48
"Ripley, MO",29181,629.54
"St. Charles, MO",29183,560.44
"St. Clair, MO",29185,669.98
"Ste. Genevieve, MO",29186,499.15
"St. Francois, MO",29187,451.89
"St. Louis, MO",29189,507.8
"Saline, MO",29195,755.5
"Schuyler, MO",29197,307.3
"Scotland, MO",29199,436.67
"Scott, MO",29201,419.99
"Shannon, MO",29203,1003.82
"Shelby, MO",29205,500.86
"Stoddard, MO",29207,823.22
"Stone, MO",29209,464.03
"Sullivan, MO",29211,647.98
"Taney, MO",29213,632.44
"Texas, MO",29215,1177.27
"Vernon, MO",29217,826.4
"Warren, MO",29219,428.6
"Washington, MO",29221,759.91
"Wayne, MO",29223,759.18
"Webster, MO",29225,592.56
"Worth, MO",29227,266.61
"Wright, MO",29229,681.77
"St. Louis city, MO",29510,61.91
MONTANA,30000,145545.8
"Beaverhead, MT",30001,5541.62
"Big Horn, MT",30003,4995.46
"Blaine, MT",30005,4227.55
"Broadwater, MT",30007,1192.54
"Carbon, MT",30009,2048.79
"Carter, MT",30011,3340.75
"Cascade, MT",30013,2698.16
"Chouteau, MT",30015,3972.49
"Custer, MT",30017,3783.36
"Daniels, MT",30019,1426.11
"Dawson, MT",30021,2371.87
"Deer Lodge, MT",30023,736.53
"Fallon, MT",30025,1620.77
"Fergus, MT",30027,4339.8
"Flathead, MT",30029,5087.66
"Gallatin, MT",30031,2602.69
"Garfield, MT",30033,4675.36
"Glacier, MT",30035,2995.94
"Golden Valley, MT",30037,1175.34
"Granite, MT",30039,1727.42
"Hill, MT",30041,2898.96
"Jefferson, MT",30043,1656.26
"Judith Basin, MT",30045,1869.82
"Lake, MT",30047,1490.15
"Lewis and Clark, MT",30049,3458.83
"Liberty, MT",30051,1430.05
"Lincoln, MT",30053,3612.92
"McCone, MT",30055,2643.17
"Madison, MT",30057,3587.48
"Meagher, MT",30059,2391.91
"Mineral, MT",30061,1219.44
"Missoula, MT",30063,2593.42
"Musselshell, MT",30065,1868.16
"Park, MT",30067,2803.06
"Petroleum, MT",30069,1654.87
"Phillips, MT",30071,5140.04
"Pondera, MT",30073,1622.86
"Powder River, MT",30075,3297.3
"Powell, MT",30077,2326.39
"Prairie, MT",30079,1736.74
"Ravalli, MT",30081,2390.82
"Richland, MT",30083,2084.14
"Roosevelt, MT",30085,2354.79
"Rosebud, MT",30087,5010.4
"Sanders, MT",30089,2760.52
"Sheridan, MT",30091,1677.08
"Silver Bow, MT",30093,718.48
"Stillwater, MT",30095,1795.35
"Sweet Grass, MT",30097,1855.21
"Teton, MT",30099,2272.38
"Toole, MT",30101,1915.65
"Treasure, MT",30103,977.4
"Valley, MT",30105,4925.82
"Wheatland, MT",30107,1423.2
"Wibaux, MT",30109,889.27
"Yellowstone, MT",30111,2633.29
"Yellowstone National Park, MT",30113,0
NEBRASKA,31000,76824.17
"Adams, NE",31001,563.27
"Antelope, NE",31003,857.22
"Arthur, NE",31005,715.36
"Banner, NE",31007,746.11
"Blaine, NE",31009,710.87
"Boone, NE",31011,686.55
"Box Butte, NE",31013,1075.29
"Boyd, NE",31015,539.94
"Brown, NE",31017,1221.33
"Buffalo, NE",31019,968.11
"Burt, NE",31021,491.58
"Butler, NE",31023,584.91
"Cass, NE",31025,557.45
"Cedar, NE",31027,740.31
"Chase, NE",31029,894.42
"Cherry, NE",31031,5960.42
"Cheyenne, NE",31033,1196.29
"Clay, NE",31035,572.29
"Colfax, NE",31037,411.66
"Cuming, NE",31039,570.62
"Custer, NE",31041,2575.52
"Dakota, NE",31043,264.26
"Dawes, NE",31045,1396.46
"Dawson, NE",31047,1013.1
"Deuel, NE",31049,439.85
"Dixon, NE",31051,476.23
"Dodge, NE",31053,528.71
"Douglas, NE",31055,328.46
"Dundy, NE",31057,919.68
"Fillmore, NE",31059,575.37
"Franklin, NE",31061,575.82
"Frontier, NE",31063,974.59
"Furnas, NE",31065,719.13
"Gage, NE",31067,851.49
"Garden, NE",31069,1704.28
"Garfield, NE",31071,569.79
"Gosper, NE",31073,458.16
"Grant, NE",31075,776.22
"Greeley, NE",31077,569.81
"Hall, NE",31079,546.29
"Hamilton, NE",31081,542.88
"Harlan, NE",31083,553.47
"Hayes, NE",31085,713.06
"Hitchcock, NE",31087,709.94
"Holt, NE",31089,2412.4
"Hooker, NE",31091,721.12
"Howard, NE",31093,569.34
"Jefferson, NE",31095,570.19
"Johnson, NE",31097,376.05
"Kearney, NE",31099,516.24
"Keith, NE",31101,1061.6
"Keya Paha, NE",31103,773.07
"Kimball, NE",31105,951.85
"Knox, NE",31107,1108.35
"Lancaster, NE",31109,837.55
"Lincoln, NE",31111,2564.07
"Logan, NE",31113,570.66
"Loup, NE",31115,568.29
"McPherson, NE",31117,858.98
"Madison, NE",31119,572.74
"Merrick, NE",31121,484.88
"Morrill, NE",31123,1423.84
"Nance, NE",31125,441.63
"Nemaha, NE",31127,407.38
"Nuckolls, NE",31129,575.16
"Otoe, NE",31131,615.63
"Pawnee, NE",31133,431.08
"Perkins, NE",31135,883.34
"Phelps, NE",31137,539.79
"Pierce, NE",31139,573.25
"Platte, NE",31141,674.06
"Polk, NE",31143,438.35
"Red Willow, NE",31145,716.99
"Richardson, NE",31147,551.84
"Rock, NE",31149,1008.32
"Saline, NE",31151,574.02
"Sarpy, NE",31153,238.99
"Saunders, NE",31155,750.23
"Scotts Bluff, NE",31157,739.4
"Seward, NE",31159,571.43
"Sheridan, NE",31161,2440.86
"Sherman, NE",31163,565.83
"Sioux, NE",31165,2066.74
"Stanton, NE",31167,427.95
"Thayer, NE",31169,573.81
"Thomas, NE",31171,713.24
"Thurston, NE",31173,393.58
"Valley, NE",31175,568.05
"Washington, NE",31177,389.96
"Wayne, NE",31179,442.92
"Webster, NE",31181,574.91
"Wheeler, NE",31183,575.18
"York, NE",31185,572.51
NEVADA,32000,109781.18
"Churchill, NV",32001,4930.46
"Clark, NV",32003,7891.43
"Douglas, NV",32005,709.72
"Elko, NV",32007,17169.83
"Esmeralda, NV",32009,3581.88
"Eureka, NV",32011,4175.68
"Humboldt, NV",32013,9640.76
"Lander, NV",32015,5490.11
"Lincoln, NV",32017,10633.2
"Lyon, NV",32019,2001.19
"Mineral, NV",32021,3752.84
"Nye, NV",32023,18181.92
"Pershing, NV",32027,6036.56
"Storey, NV",32029,262.92
"Washoe, NV",32031,6302.37
"White Pine, NV",32033,8875.65
"Carson City city, NV",32510,144.66
NEW HAMPSHIRE,33000,8952.65
"Belknap, NH",33001,400.23
"Carroll, NH",33003,931.06
"Cheshire, NH",33005,706.66
"Coos, NH",33007,1794.69
"Grafton, NH",33009,1708.75
"Hillsborough, NH",33011,876.14
"Merrimack, NH",33013,934.12
"Rockingham, NH",33015,694.72
"Strafford, NH",33017,368.98
"Sullivan, NH",33019,537.31
NEW JERSEY,34000,7354.22
"Atlantic, NJ",34001,555.7
"Bergen, NJ",34003,233.01
"Burlington, NJ",34005,798.58
"Camden, NJ",34007,221.26
"Cape May, NJ",34009,251.43
"Cumberland, NJ",34011,483.7
"Essex, NJ",34013,126.21
"Gloucester, NJ",34015,322.01
"Hudson, NJ",34017,46.19
"Hunterdon, NJ",34019,427.82
"Mercer, NJ",34021,224.56
"Middlesex, NJ",34023,308.91
"Monmouth, NJ",34025,468.79
"Morris, NJ",34027,460.18
"Ocean, NJ",34029,628.78
"Passaic, NJ",34031,184.59
"Salem, NJ",34033,331.9
"Somerset, NJ",34035,301.81
"Sussex, NJ",34037,519.01
"Union, NJ",34039,102.86
"Warren, NJ",34041,356.92
NEW MEXICO,35000,121298.15
"Bernalillo, NM",35001,1160.83
"Catron, NM",35003,6923.69
"Chaves, NM",35005,6065.28
"Cibola, NM",35006,4539.48
"Colfax, NM",35007,3758.06
"Curry, NM",35009,1404.8
"De Baca, NM",35011,2322.62
"Dona Ana, NM",35013,3807.51
"Eddy, NM",35015,4175.73
"Grant, NM",35017,3961.63
"Guadalupe, NM",35019,3030.48
"Harding, NM",35021,2125.44
"Hidalgo, NM",35023,3436.86
"Lea, NM",35025,4390.93
"Lincoln, NM",35027,4831.09
"Los Alamos, NM",35028,109.17
"Luna, NM",35029,2965.19
"McKinley, NM",35031,5449.81
"Mora, NM",35033,1931.27
"Otero, NM",35035,6613.21
"Quay, NM",35037,2874.35
"Rio Arriba, NM",35039,5860.84
"Roosevelt, NM",35041,2447.43
"Sandoval, NM",35043,3710.65
"San Juan, NM",35045,5513.07
"San Miguel, NM",35047,4715.82
"Santa Fe, NM",35049,1909.41
"Sierra, NM",35051,4178.96
"Socorro, NM",35053,6646.68
"Taos, NM",35055,2203.11
"Torrance, NM",35057,3344.85
"Union, NM",35059,3823.74
"Valencia, NM",35061,1066.18
NEW YORK,36000,47126.4
"Albany, NY",36001,522.8
"Allegany, NY",36003,1029.31
"Bronx, NY",36005,42.1
"Broome, NY",36007,705.77
"Cattaraugus, NY",36009,1308.35
"Cayuga, NY",36011,691.58
"Chautauqua, NY",36013,1060.23
"Chemung, NY",36015,407.35
"Chenango, NY",36017,893.55
"Clinton, NY",36019,1037.85
"Columbia, NY",36021,634.71
"Cortland, NY",36023,498.76
"Delaware, NY",36025,1442.44
"Dutchess, NY",36027,795.63
"Erie, NY",36029,1042.69
"Essex, NY",36031,1794.23
"Franklin, NY",36033,1629.12
"Fulton, NY",36035,495.47
"Genesee, NY",36037,492.94
"Greene, NY",36039,647.16
"Hamilton, NY",36041,1717.37
"Herkimer, NY",36043,1411.47
"Jefferson, NY",36045,1268.59
"Kings, NY",36047,70.82
"Lewis, NY",36049,1274.68
"Livingston, NY",36051,631.76
"Madison, NY",36053,654.84
"Monroe, NY",36055,657.21
"Montgomery, NY",36057,403.04
"Nassau, NY",36059,284.72
"New York, NY",36061,22.83
"Niagara, NY",36063,522.36
"Oneida, NY",36065,1212.43
"Onondaga, NY",36067,778.39
"Ontario, NY",36069,644.07
"Orange, NY",36071,811.69
"Orleans, NY",36073,391.26
"Oswego, NY",36075,951.65
"Otsego, NY",36077,1001.7
"Putnam, NY",36079,230.31
"Queens, NY",36081,108.53
"Rensselaer, NY",36083,652.43
"Richmond, NY",36085,58.37
"Rockland, NY",36087,173.55
"St. Lawrence, NY",36089,2680.38
"Saratoga, NY",36091,809.98
"Schenectady, NY",36093,204.52
"Schoharie, NY",36095,621.82
"Schuyler, NY",36097,328.33
"Seneca, NY",36099,323.71
"Steuben, NY",36101,1390.56
"Suffolk, NY",36103,912.05
"Sullivan, NY",36105,968.13
"Tioga, NY",36107,518.6
"Tompkins, NY",36109,474.65
"Ulster, NY",36111,1124.24
"Warren, NY",36113,866.95
"Washington, NY",36115,831.18
"Wayne, NY",36117,603.83
"Westchester, NY",36119,430.5
"Wyoming, NY",36121,592.75
"Yates, NY",36123,338.14
NORTH CAROLINA,37000,48617.91
"Alamance, NC",37001,423.94
"Alexander, NC",37003,259.99
"Alleghany, NC",37005,235.06
"Anson, NC",37007,531.45
"Ashe, NC",37009,426.14
"Avery, NC",37011,247.09
"Beaufort, NC",37013,827.19
"Bertie, NC",37015,699.27
"Bladen, NC",37017,874.33
"Brunswick, NC",37019,846.97
"Buncombe, NC",37021,656.67
"Burke, NC",37023,507.1
"Cabarrus, NC",37025,361.75
"Caldwell, NC",37027,471.57
"Camden, NC",37029,240.56
"Carteret, NC",37031,506.25
"Caswell, NC",37033,424.92
"Catawba, NC",37035,398.72
"Chatham, NC",37037,682.19
"Cherokee, NC",37039,455.43
"Chowan, NC",37041,172.47
"Clay, NC",37043,214.75
"Cleveland, NC",37045,464.25
"Columbus, NC",37047,937.29
"Craven, NC",37049,708.96
"Cumberland, NC",37051,652.32
"Currituck, NC",37053,261.85
"Dare, NC",37055,383.42
"Davidson, NC",37057,552.68
"Davie, NC",37059,264.11
"Duplin, NC",37061,816.22
"Durham, NC",37063,285.98
"Edgecombe, NC",37065,505.34
"Forsyth, NC",37067,408.15
"Franklin, NC",37069,491.68
"Gaston, NC",37071,356.03
"Gates, NC",37073,340.45
"Graham, NC",37075,292.08
"Granville, NC",37077,531.57
"Greene, NC",37079,265.93
"Guilford, NC",37081,645.7
"Halifax, NC",37083,724.09
"Harnett, NC",37085,594.99
"Haywood, NC",37087,553.69
"Henderson, NC",37089,373.07
"Hertford, NC",37091,353.06
"Hoke, NC",37093,390.74
"Hyde, NC",37095,612.7
"Iredell, NC",37097,573.83
"Jackson, NC",37099,490.76
"Johnston, NC",37101,791.3
"Jones, NC",37103,470.71
"Lee, NC",37105,254.96
"Lenoir, NC",37107,400.59
"Lincoln, NC",37109,297.94
"McDowell, NC",37111,440.61
"Macon, NC",37113,515.56
"Madison, NC",37115,449.57
"Martin, NC",37117,461.22
"Mecklenburg, NC",37119,523.84
"Mitchell, NC",37121,221.43
"Montgomery, NC",37123,491.76
"Moore, NC",37125,697.84
"Nash, NC",37127,540.41
"New Hanover, NC",37129,191.53
"Northampton, NC",37131,536.59
"Onslow, NC",37133,762.74
"Orange, NC",37135,397.96
"Pamlico, NC",37137,336.54
"Pasquotank, NC",37139,226.88
"Pender, NC",37141,869.8
"Perquimans, NC",37143,247.09
"Person, NC",37145,392.32
"Pitt, NC",37147,651.98
"Polk, NC",37149,237.79
"Randolph, NC",37151,782.52
"Richmond, NC",37153,473.82
"Robeson, NC",37155,949.22
"Rockingham, NC",37157,565.55
"Rowan, NC",37159,511.37
"Rutherford, NC",37161,564.15
"Sampson, NC",37163,944.74
"Scotland, NC",37165,318.85
"Stanly, NC",37167,395.09
"Stokes, NC",37169,448.86
"Surry, NC",37171,532.17
"Swain, NC",37173,528
"Transylvania, NC",37175,378.53
"Tyrrell, NC",37177,389.04
"Union, NC",37179,631.52
"Vance, NC",37181,253.52
"Wake, NC",37183,835.22
"Warren, NC",37185,428.46
"Washington, NC",37187,348.14
"Watauga, NC",37189,312.56
"Wayne, NC",37191,553.09
"Wilkes, NC",37193,754.28
"Wilson, NC",37195,368.17
"Yadkin, NC",37197,334.83
"Yancey, NC",37199,312.6
NORTH DAKOTA,38000,69000.8
"Adams, ND",38001,987.62
"Barnes, ND",38003,1491.55
"Benson, ND",38005,1388.71
"Billings, ND",38007,1148.85
"Bottineau, ND",38009,1668.42
"Bowman, ND",38011,1161.81
"Burke, ND",38013,1103.57
"Burleigh, ND",38015,1632.65
"Cass, ND",38017,1764.94
"Cavalier, ND",38019,1488.75
"Dickey, ND",38021,1131.47
"Divide, ND",38023,1260.79
"Dunn, ND",38025,2008.46
"Eddy, ND",38027,630.17
"Emmons, ND",38029,1510.44
"Foster, ND",38031,635.45
"Golden Valley, ND",38033,1000.79
"Grand Forks, ND",38035,1436.38
"Grant, ND",38037,1659.14
"Griggs, ND",38039,708.82
"Hettinger, ND",38041,1132.22
"Kidder, ND",38043,1351.19
"LaMoure, ND",38045,1145.94
"Logan, ND",38047,992.82
"McHenry, ND",38049,1873.95
"McIntosh, ND",38051,974.73
"McKenzie, ND",38053,2760.32
"McLean, ND",38055,2110.88
"Mercer, ND",38057,1042.96
"Morton, ND",38059,1926.27
"Mountrail, ND",38061,1825.3
"Nelson, ND",38063,981.78
"Oliver, ND",38065,722.51
"Pembina, ND",38067,1118.69
"Pierce, ND",38069,1018.6
"Ramsey, ND",38071,1186.85
"Ransom, ND",38073,862.36
"Renville, ND",38075,877.05
"Richland, ND",38077,1435.78
"Rolette, ND",38079,903.08
"Sargent, ND",38081,858.51
"Sheridan, ND",38083,972.38
"Sioux, ND",38085,1094.09
"Slope, ND",38087,1214.92
"Stark, ND",38089,1334.74
"Steele, ND",38091,712.22
"Stutsman, ND",38093,2221.72
"Towner, ND",38095,1024.56
"Traill, ND",38097,861.95
"Walsh, ND",38099,1281.93
"Ward, ND",38101,2013.28
"Wells, ND",38103,1271.05
"Williams, ND",38105,2077.4
OHIO,39000,40860.69
"Adams, OH",39001,583.87
"Allen, OH",39003,402.5
"Ashland, OH",39005,422.95
"Ashtabula, OH",39007,701.93
"Athens, OH",39009,503.6
"Auglaize, OH",39011,401.39
"Belmont, OH",39013,532.13
"Brown, OH",39015,490.02
"Butler, OH",39017,467.06
"Carroll, OH",39019,394.61
"Champaign, OH",39021,428.67
"Clark, OH",39023,397.47
"Clermont, OH",39025,452.1
"Clinton, OH",39027,408.68
"Columbiana, OH",39029,531.89
"Coshocton, OH",39031,563.91
"Crawford, OH",39033,401.79
"Cuyahoga, OH",39035,457.19
"Darke, OH",39037,598.1
"Defiance, OH",39039,411.46
"Delaware, OH",39041,443.1
"Erie, OH",39043,251.56
"Fairfield, OH",39045,504.41
"Fayette, OH",39047,406.36
"Franklin, OH",39049,532.19
"Fulton, OH",39051,405.44
"Gallia, OH",39053,466.53
"Geauga, OH",39055,400.16
"Greene, OH",39057,413.73
"Guernsey, OH",39059,522.25
"Hamilton, OH",39061,405.91
"Hancock, OH",39063,531.36
"Hardin, OH",39065,470.41
"Harrison, OH",39067,402.34
"Henry, OH",39069,416.01
"Highland, OH",39071,553.08
"Hocking, OH",39073,421.32
"Holmes, OH",39075,422.53
"Huron, OH",39077,491.5
"Jackson, OH",39079,420.3
"Jefferson, OH",39081,408.33
"Knox, OH",39083,525.49
"Lake, OH",39085,227.49
"Lawrence, OH",39087,453.37
"Licking, OH",39089,682.5
"Logan, OH",39091,458.43
"Lorain, OH",39093,491.1
"Lucas, OH",39095,340.86
"Madison, OH",39097,465.88
"Mahoning, OH",39099,411.62
"Marion, OH",39101,403.76
"Medina, OH",39103,421.36
"Meigs, OH",39105,430.1
"Mercer, OH",39107,462.45
"Miami, OH",39109,406.58
"Monroe, OH",39111,455.72
"Montgomery, OH",39113,461.55
"Morgan, OH",39115,416.42
"Morrow, OH",39117,406.08
"Muskingum, OH",39119,664.58
"Noble, OH",39121,398.01
"Ottawa, OH",39123,254.92
"Paulding, OH",39125,416.44
"Perry, OH",39127,407.97
"Pickaway, OH",39129,501.32
"Pike, OH",39131,440.28
"Portage, OH",39133,487.38
"Preble, OH",39135,424.12
"Putnam, OH",39137,482.52
"Richland, OH",39139,495.27
"Ross, OH",39141,689.19
"Sandusky, OH",39143,408.45
"Scioto, OH",39145,610.21
"Seneca, OH",39147,551.02
"Shelby, OH",39149,407.68
"Stark, OH",39151,575.27
"Summit, OH",39153,412.75
"Trumbull, OH",39155,618.3
"Tuscarawas, OH",39157,567.64
"Union, OH",39159,431.73
"Van Wert, OH",39161,409.16
"Vinton, OH",39163,412.36
"Warren, OH",39165,401.31
"Washington, OH",39167,631.97
"Wayne, OH",39169,554.93
"Williams, OH",39171,420.97
"Wood, OH",39173,617.21
"Wyandot, OH",39175,406.87
OKLAHOMA,40000,68594.92
"Adair, OK",40001,573.48
"Alfalfa, OK",40003,866.46
"Atoka, OK",40005,975.52
"Beaver, OK",40007,1814.67
"Beckham, OK",40009,901.81
"Blaine, OK",40011,928.42
"Bryan, OK",40013,904.47
"Caddo, OK",40015,1278.29
"Canadian, OK",40017,896.63
"Carter, OK",40019,822.18
"Cherokee, OK",40021,749.41
"Choctaw, OK",40023,770.36
"Cimarron, OK",40025,1834.74
"Cleveland, OK",40027,538.77
"Coal, OK",40029,516.68
"Comanche, OK",40031,1069.29
"Cotton, OK",40033,632.65
"Craig, OK",40035,761.35
"Creek, OK",40037,950.14
"Custer, OK",40039,988.82
"Delaware, OK",40041,738.18
"Dewey, OK",40043,999.48
"Ellis, OK",40045,1231.52
"Garfield, OK",40047,1058.47
"Garvin, OK",40049,802.12
"Grady, OK",40051,1100.5
"Grant, OK",40053,1000.87
"Greer, OK",40055,639.32
"Harmon, OK",40057,537.19
"Harper, OK",40059,1039.02
"Haskell, OK",40061,576.52
"Hughes, OK",40063,804.65
"Jackson, OK",40065,802.65
"Jefferson, OK",40067,758.83
"Johnston, OK",40069,642.94
"Kay, OK",40071,919.73
"Kingfisher, OK",40073,898.16
"Kiowa, OK",40075,1015.23
"Latimer, OK",40077,722.08
"Le Flore, OK",40079,1589.21
"Lincoln, OK",40081,952.31
"Logan, OK",40083,743.83
"Love, OK",40085,514
"McClain, OK",40087,570.7
"McCurtain, OK",40089,1850.01
"McIntosh, OK",40091,618.5
"Major, OK",40093,954.99
"Marshall, OK",40095,371.08
"Mayes, OK",40097,655.39
"Murray, OK",40099,416.46
"Muskogee, OK",40101,810.45
"Noble, OK",40103,731.9
"Nowata, OK",40105,565.78
"Okfuskee, OK",40107,618.57
"Oklahoma, OK",40109,708.82
"Okmulgee, OK",40111,697.35
"Osage, OK",40113,2246.36
"Ottawa, OK",40115,470.82
"Pawnee, OK",40117,567.96
"Payne, OK",40119,684.7
"Pittsburg, OK",40121,1305.46
"Pontotoc, OK",40123,720.44
"Pottawatomie, OK",40125,787.67
"Pushmataha, OK",40127,1395.84
"Roger Mills, OK",40129,1141.14
"Rogers, OK",40131,675.63
"Seminole, OK",40133,632.84
"Sequoyah, OK",40135,673.27
"Stephens, OK",40137,870.24
"Texas, OK",40139,2041.26
"Tillman, OK",40141,871.13
"Tulsa, OK",40143,570.25
"Wagoner, OK",40145,561.56
"Washington, OK",40147,415.45
"Washita, OK",40149,1003.17
"Woods, OK",40151,1286.45
"Woodward, OK",40153,1242.4
OREGON,41000,95988.01
"Baker, OR",41001,3068.36
"Benton, OR",41003,675.94
"Clackamas, OR",41005,1870.32
"Clatsop, OR",41007,829.05
"Columbia, OR",41009,657.36
"Coos, OR",41011,1596.17
"Crook, OR",41013,2979.09
"Curry, OR",41015,1627.46
"Deschutes, OR",41017,3018.19
"Douglas, OR",41019,5036.08
"Gilliam, OR",41021,1204.81
"Grant, OR",41023,4528.54
"Harney, OR",41025,10133.17
"Hood River, OR",41027,521.95
"Jackson, OR",41029,2783.55
"Jefferson, OR",41031,1780.79
"Josephine, OR",41033,1639.67
"Klamath, OR",41035,5941.05
"Lake, OR",41037,8138.98
"Lane, OR",41039,4553.12
"Lincoln, OR",41041,979.77
"Linn, OR",41043,2290.13
"Malheur, OR",41045,9887.53
"Marion, OR",41047,1182.33
"Morrow, OR",41049,2031.61
"Multnomah, OR",41051,431.3
"Polk, OR",41053,740.79
"Sherman, OR",41055,823.69
"Tillamook, OR",41057,1102.58
"Umatilla, OR",41059,3215.51
"Union, OR",41061,2036.61
"Wallowa, OR",41063,3146.19
"Wasco, OR",41065,2381.52
"Washington, OR",41067,724.23
"Wheeler, OR",41069,1714.75
"Yamhill, OR",41071,715.86
PENNSYLVANIA,42000,44742.7
"Adams, PA",42001,518.67
"Allegheny, PA",42003,730.08
"Armstrong, PA",42005,653.2
"Beaver, PA",42007,434.71
"Bedford, PA",42009,1012.3
"Berks, PA",42011,856.51
"Blair, PA",42013,525.8
"Bradford, PA",42015,1147.4
"Bucks, PA",42017,604.31
"Butler, PA",42019,788.6
"Cambria, PA",42021,688.35
"Cameron, PA",42023,396.23
"Carbon, PA",42025,381.46
"Centre, PA",42027,1109.92
"Chester, PA",42029,750.51
"Clarion, PA",42031,600.83
"Clearfield, PA",42033,1144.72
"Clinton, PA",42035,887.98
"Columbia, PA",42037,483.11
"Crawford, PA",42039,1012.3
"Cumberland, PA",42041,545.46
"Dauphin, PA",42043,525.05
"Delaware, PA",42045,183.84
"Elk, PA",42047,827.36
"Erie, PA",42049,799.15
"Fayette, PA",42051,790.34
"Forest, PA",42053,427.19
"Franklin, PA",42055,772.22
"Fulton, PA",42057,437.55
"Greene, PA",42059,575.95
"Huntingdon, PA",42061,874.64
"Indiana, PA",42063,827.03
"Jefferson, PA",42065,652.43
"Juniata, PA",42067,391.35
"Lackawanna, PA",42069,459.08
"Lancaster, PA",42071,943.81
"Lawrence, PA",42073,358.18
"Lebanon, PA",42075,361.83
"Lehigh, PA",42077,345.17
"Luzerne, PA",42079,890.33
"Lycoming, PA",42081,1228.59
"McKean, PA",42083,979.2
"Mercer, PA",42085,672.58
"Mifflin, PA",42087,411.03
"Monroe, PA",42089,608.29
"Montgomery, PA",42091,483.04
"Montour, PA",42093,130.24
"Northampton, PA",42095,369.67
"Northumberland, PA",42097,458.37
"Perry, PA",42099,551.45
"Philadelphia, PA",42101,134.1
"Pike, PA",42103,544.96
"Potter, PA",42105,1081.32
"Schuylkill, PA",42107,778.63
"Snyder, PA",42109,328.71
"Somerset, PA",42111,1074.37
"Sullivan, PA",42113,449.94
"Susquehanna, PA",42115,823.44
"Tioga, PA",42117,1133.79
"Union, PA",42119,315.98
"Venango, PA",42121,674.28
"Warren, PA",42123,884.14
"Washington, PA",42125,856.99
"Wayne, PA",42127,725.6
"Westmoreland, PA",42129,1027.55
"Wyoming, PA",42131,397.32
"York, PA",42133,904.18
RHODE ISLAND,44000,1033.81
"Bristol, RI",44001,24.16
"Kent, RI",44003,168.53
"Newport, RI",44005,102.39
"Providence, RI",44007,409.5
"Washington, RI",44009,329.24
SOUTH CAROLINA,45000,30060.7
"Abbeville, SC",45001,490.48
"Aiken, SC",45003,1071.03
"Allendale, SC",45005,408.09
"Anderson, SC",45007,715.43
"Bamberg, SC",45009,393.37
"Barnwell, SC",45011,548.39
"Beaufort, SC",45013,576.28
"Berkeley, SC",45015,1098.86
"Calhoun, SC",45017,381.15
"Charleston, SC",45019,916.09
"Cherokee, SC",45021,392.66
"Chester, SC",45023,580.66
"Chesterfield, SC",45025,799.08
"Clarendon, SC",45027,606.94
"Colleton, SC",45029,1056.49
"Darlington, SC",45031,561.15
"Dillon, SC",45033,404.87
"Dorchester, SC",45035,573.23
"Edgefield, SC",45037,500.41
"Fairfield, SC",45039,686.28
"Florence, SC",45041,799.96
"Georgetown, SC",45043,813.55
"Greenville, SC",45045,785.12
"Greenwood, SC",45047,454.73
"Hampton, SC",45049,559.9
"Horry, SC",45051,1133.9
"Jasper, SC",45053,655.32
"Kershaw, SC",45055,726.56
"Lancaster, SC",45057,549.16
"Laurens, SC",45059,713.8
"Lee, SC",45061,410.18
"Lexington, SC",45063,698.91
"McCormick, SC",45065,359.13
"Marion, SC",45067,489.23
"Marlboro, SC",45069,479.67
"Newberry, SC",45071,630.04
"Oconee, SC",45073,626.33
"Orangeburg, SC",45075,1106.1
"Pickens, SC",45077,496.41
"Richland, SC",45079,757.07
"Saluda, SC",45081,452.78
"Spartanburg, SC",45083,807.93
"Sumter, SC",45085,665.07
"Union, SC",45087,514.17
"Williamsburg, SC",45089,934.16
"York, SC",45091,680.6
SOUTH DAKOTA,46000,75811
"Aurora, SD",46003,708.43
"Beadle, SD",46005,1258.71
"Bennett, SD",46007,1184.71
"Bon Homme, SD",46009,563.7
"Brookings, SD",46011,792.21
"Brown, SD",46013,1712.98
"Brule, SD",46015,817.24
"Buffalo, SD",46017,471.38
"Butte, SD",46019,2249.9
"Campbell, SD",46021,733.68
"Charles Mix, SD",46023,1097.49
"Clark, SD",46025,957.6
"Clay, SD",46027,412.19
"Codington, SD",46029,688.5
"Corson, SD",46031,2469.69
"Custer, SD",46033,1557
"Davison, SD",46035,435.56
"Day, SD",46037,1027.87
"Deuel, SD",46039,622.69
"Dewey, SD",46041,2302.49
"Douglas, SD",46043,431.8
"Edmunds, SD",46045,1125.96
"Fall River, SD",46047,1739.92
"Faulk, SD",46049,981.75
"Grant, SD",46051,681.46
"Gregory, SD",46053,1014.96
"Haakon, SD",46055,1810.53
"Hamlin, SD",46057,507.23
"Hand, SD",46059,1436.61
"Hanson, SD",46061,434.51
"Harding, SD",46063,2671.38
"Hughes, SD",46065,741.56
"Hutchinson, SD",46067,812.9
"Hyde, SD",46069,860.52
"Jackson, SD",46071,1863.91
"Jerauld, SD",46073,526.23
"Jones, SD",46075,969.68
"Kingsbury, SD",46077,832.24
"Lake, SD",46079,563.28
"Lawrence, SD",46081,800.04
"Lincoln, SD",46083,577.28
"Lyman, SD",46085,1641.94
"McCook, SD",46087,574.2
"McPherson, SD",46089,1136.64
"Marshall, SD",46091,838.07
"Meade, SD",46093,3470.98
"Mellette, SD",46095,1307.31
"Miner, SD",46097,570.31
"Minnehaha, SD",46099,807.15
"Moody, SD",46101,519.39
"Pennington, SD",46103,2776.55
"Perkins, SD",46105,2870.48
"Potter, SD",46107,861.14
"Roberts, SD",46109,1101.04
"Sanborn, SD",46111,569.32
"Shannon, SD",46113,2093.9
"Spink, SD",46115,1503.93
"Stanley, SD",46117,1444.43
"Sully, SD",46119,1006.82
"Todd, SD",46121,1388.56
"Tripp, SD",46123,1612.45
"Turner, SD",46125,617.06
"Union, SD",46127,460.54
"Walworth, SD",46129,708.63
"Yankton, SD",46135,521.16
"Ziebach, SD",46137,1961.27
TENNESSEE,47000,41234.9
"Anderson, TN",47001,337.16
"Bedford, TN",47003,473.64
"Benton, TN",47005,394.14
"Bledsoe, TN",47007,406.43
"Blount, TN",47009,558.71
"Bradley, TN",47011,328.76
"Campbell, TN",47013,480.19
"Cannon, TN",47015,265.64
"Carroll, TN",47017,599.25
"Carter, TN",47019,341.2
"Cheatham, TN",47021,302.44
"Chester, TN",47023,285.74
"Claiborne, TN",47025,434.58
"Clay, TN",47027,236.54
"Cocke, TN",47029,434.57
"Coffee, TN",47031,428.96
"Crockett, TN",47033,265.54
"Cumberland, TN",47035,681.03
"Davidson, TN",47037,504.03
"Decatur, TN",47039,333.85
"DeKalb, TN",47041,304.35
"Dickson, TN",47043,489.9
"Dyer, TN",47045,512.33
"Fayette, TN",47047,704.79
"Fentress, TN",47049,498.61
"Franklin, TN",47051,554.54
"Gibson, TN",47053,602.74
"Giles, TN",47055,610.93
"Grainger, TN",47057,280.6
"Greene, TN",47059,622.17
"Grundy, TN",47061,360.53
"Hamblen, TN",47063,161.18
"Hamilton, TN",47065,542.43
"Hancock, TN",47067,222.34
"Hardeman, TN",47069,667.77
"Hardin, TN",47071,577.32
"Hawkins, TN",47073,486.98
"Haywood, TN",47075,533.11
"Henderson, TN",47077,520.07
"Henry, TN",47079,562.1
"Hickman, TN",47081,612.5
"Houston, TN",47083,200.29
"Humphreys, TN",47085,530.98
"Jackson, TN",47087,308.32
"Jefferson, TN",47089,274.08
"Johnson, TN",47091,298.48
"Knox, TN",47093,508.22
"Lake, TN",47095,165.78
"Lauderdale, TN",47097,471.99
"Lawrence, TN",47099,617.13
"Lewis, TN",47101,282.09
"Lincoln, TN",47103,570.34
"Loudon, TN",47105,229.22
"McMinn, TN",47107,430.13
"McNairy, TN",47109,562.86
"Macon, TN",47111,307.14
"Madison, TN",47113,557.12
"Marion, TN",47115,498.16
"Marshall, TN",47117,375.46
"Maury, TN",47119,613.14
"Meigs, TN",47121,195.12
"Monroe, TN",47123,635.57
"Montgomery, TN",47125,539.18
"Moore, TN",47127,129.22
"Morgan, TN",47129,522.18
"Obion, TN",47131,544.73
"Overton, TN",47133,433.48
"Perry, TN",47135,414.73
"Pickett, TN",47137,162.98
"Polk, TN",47139,434.68
"Putnam, TN",47141,401.1
"Rhea, TN",47143,315.38
"Roane, TN",47145,360.71
"Robertson, TN",47147,476.29
"Rutherford, TN",47149,619.36
"Scott, TN",47151,532.3
"Sequatchie, TN",47153,265.86
"Sevier, TN",47155,592.5
"Shelby, TN",47157,763.17
"Smith, TN",47159,314.29
"Stewart, TN",47161,459.33
"Sullivan, TN",47163,413.36
"Sumner, TN",47165,529.45
"Tipton, TN",47167,458.37
"Trousdale, TN",47169,114.19
"Unicoi, TN",47171,186.17
"Union, TN",47173,223.55
"Van Buren, TN",47175,273.42
"Warren, TN",47177,432.68
"Washington, TN",47179,326.47
"Wayne, TN",47181,734.1
"Weakley, TN",47183,580.36
"White, TN",47185,376.67
"Williamson, TN",47187,582.6
"Wilson, TN",47189,570.83
TEXAS,48000,261231.71
"Anderson, TX",48001,1062.6
"Andrews, TX",48003,1500.71
"Angelina, TX",48005,797.78
"Aransas, TX",48007,252.07
"Archer, TX",48009,903.11
"Armstrong, TX",48011,909.11
"Atascosa, TX",48013,1219.54
"Austin, TX",48015,646.51
"Bailey, TX",48017,826.8
"Bandera, TX",48019,790.96
"Bastrop, TX",48021,888.15
"Baylor, TX",48023,867.48
"Bee, TX",48025,880.24
"Bell, TX",48027,1051.02
"Bexar, TX",48029,1239.82
"Blanco, TX",48031,709.25
"Borden, TX",48033,897.44
"Bosque, TX",48035,982.98
"Bowie, TX",48037,885.01
"Brazoria, TX",48039,1357.7
"Brazos, TX",48041,585.45
"Brewster, TX",48043,6183.73
"Briscoe, TX",48045,900
"Brooks, TX",48047,943.36
"Brown, TX",48049,944.43
"Burleson, TX",48051,659.03
"Burnet, TX",48053,994.26
"Caldwell, TX",48055,545.26
"Calhoun, TX",48057,506.84
"Callahan, TX",48059,899.37
"Cameron, TX",48061,890.92
"Camp, TX",48063,195.83
"Carson, TX",48065,920.22
"Cass, TX",48067,936.96
"Castro, TX",48069,894.43
"Chambers, TX",48071,597.14
"Cherokee, TX",48073,1052.91
"Childress, TX",48075,696.41
"Clay, TX",48077,1088.72
"Cochran, TX",48079,775.15
"Coke, TX",48081,911.47
"Coleman, TX",48083,1261.95
"Collin, TX",48085,841.23
"Collingsworth, TX",48087,918.44
"Colorado, TX",48089,960.27
"Comal, TX",48091,559.48
"Comanche, TX",48093,937.75
"Concho, TX",48095,983.8
"Cooke, TX",48097,874.76
"Coryell, TX",48099,1052.07
"Cottle, TX",48101,900.56
"Crane, TX",48103,785.07
"Crockett, TX",48105,2807.33
"Crosby, TX",48107,900.2
"Culberson, TX",48109,3812.8
"Dallam, TX",48111,1503.26
"Dallas, TX",48113,871.28
"Dawson, TX",48115,900.31
"Deaf Smith, TX",48117,1496.87
"Delta, TX",48119,256.83
"Denton, TX",48121,878.43
"DeWitt, TX",48123,908.98
"Dickens, TX",48125,901.72
"Dimmit, TX",48127,1328.88
"Donley, TX",48129,926.89
"Duval, TX",48131,1793.48
"Eastland, TX",48133,926.49
"Ector, TX",48135,897.69
"Edwards, TX",48137,2117.86
"Ellis, TX",48139,935.49
"El Paso, TX",48141,1012.69
"Erath, TX",48143,1083.07
"Falls, TX",48145,765.48
"Fannin, TX",48147,890.84
"Fayette, TX",48149,950.01
"Fisher, TX",48151,898.94
"Floyd, TX",48153,992.14
"Foard, TX",48155,704.4
"Fort Bend, TX",48157,861.48
"Franklin, TX",48159,284.39
"Freestone, TX",48161,877.74
"Frio, TX",48163,1133.5
"Gaines, TX",48165,1502.38
"Galveston, TX",48167,378.36
"Garza, TX",48169,893.41
"Gillespie, TX",48171,1058.21
"Glasscock, TX",48173,900.22
"Goliad, TX",48175,852.01
"Gonzales, TX",48177,1066.69
"Gray, TX",48179,925.97
"Grayson, TX",48181,932.8
"Gregg, TX",48183,273.3
"Grimes, TX",48185,787.46
"Guadalupe, TX",48187,711.3
"Hale, TX",48189,1004.68
"Hall, TX",48191,883.49
"Hamilton, TX",48193,835.91
"Hansford, TX",48195,919.81
"Hardeman, TX",48197,695.11
"Hardin, TX",48199,890.57
"Harris, TX",48201,1703.48
"Harrison, TX",48203,899.95
"Hartley, TX",48205,1462.03
"Haskell, TX",48207,903.13
"Hays, TX",48209,677.98
"Hemphill, TX",48211,906.29
"Henderson, TX",48213,873.75
"Hidalgo, TX",48215,1570.87
"Hill, TX",48217,958.86
"Hockley, TX",48219,908.39
"Hood, TX",48221,420.64
"Hopkins, TX",48223,767.17
"Houston, TX",48225,1230.91
"Howard, TX",48227,900.79
"Hudspeth, TX",48229,4570.98
"Hunt, TX",48231,840.32
"Hutchinson, TX",48233,887.42
"Irion, TX",48235,1051.56
"Jack, TX",48237,910.66
"Jackson, TX",48239,829.44
"Jasper, TX",48241,938.85
"Jeff Davis, TX",48243,2264.56
"Jefferson, TX",48245,876.3
"Jim Hogg, TX",48247,1136.14
"Jim Wells, TX",48249,864.97
"Johnson, TX",48251,724.69
"Jones, TX",48253,928.55
"Karnes, TX",48255,747.56
"Kaufman, TX",48257,780.7
"Kendall, TX",48259,662.45
"Kenedy, TX",48261,1458.33
"Kent, TX",48263,902.51
"Kerr, TX",48265,1103.32
"Kimble, TX",48267,1250.99
"King, TX",48269,910.87
"Kinney, TX",48271,1360.06
"Kleberg, TX",48273,881.31
"Knox, TX",48275,850.62
"Lamar, TX",48277,907.19
"Lamb, TX",48279,1016.18
"Lampasas, TX",48281,712.84
"La Salle, TX",48283,1486.69
"Lavaca, TX",48285,969.71
"Lee, TX",48287,629.02
"Leon, TX",48289,1073.15
"Liberty, TX",48291,1158.42
"Limestone, TX",48293,905.29
"Lipscomb, TX",48295,932.18
"Live Oak, TX",48297,1039.7
"Llano, TX",48299,934.03
"Loving, TX",48301,668.93
"Lubbock, TX",48303,895.6
"Lynn, TX",48305,891.87
"McCulloch, TX",48307,1065.6
"McLennan, TX",48309,1037.1
"McMullen, TX",48311,1139.43
"Madison, TX",48313,466.07
"Marion, TX",48315,380.88
"Martin, TX",48317,914.94
"Mason, TX",48319,928.8
"Matagorda, TX",48321,1100.28
"Maverick, TX",48323,1279.26
"Medina, TX",48325,1325.36
"Menard, TX",48327,902.03
"Midland, TX",48329,900.3
"Milam, TX",48331,1016.93
"Mills, TX",48333,748.26
"Mitchell, TX",48335,911.09
"Montague, TX",48337,930.91
"Montgomery, TX",48339,1041.74
"Moore, TX",48341,899.69
"Morris, TX",48343,251.99
"Motley, TX",48345,989.56
"Nacogdoches, TX",48347,946.54
"Navarro, TX",48349,1009.63
"Newton, TX",48351,933.68
"Nolan, TX",48353,912
"Nueces, TX",48355,838.48
"Ochiltree, TX",48357,917.63
"Oldham, TX",48359,1500.53
"Orange, TX",48361,333.67
"Palo Pinto, TX",48363,951.79
"Panola, TX",48365,801.75
"Parker, TX",48367,903.48
"Parmer, TX",48369,880.78
"Pecos, TX",48371,4763.85
"Polk, TX",48373,1057.09
"Potter, TX",48375,908.37
"Presidio, TX",48377,3855.24
"Rains, TX",48379,229.45
"Randall, TX",48381,911.54
"Reagan, TX",48383,1175.3
"Real, TX",48385,699.2
"Red River, TX",48387,1036.58
"Reeves, TX",48389,2635.38
"Refugio, TX",48391,770.44
"Roberts, TX",48393,924.06
"Robertson, TX",48395,855.68
"Rockwall, TX",48397,127.04
"Runnels, TX",48399,1050.95
"Rusk, TX",48401,924.03
"Sabine, TX",48403,491.39
"San Augustine, TX",48405,530.66
"San Jacinto, TX",48407,569.24
"San Patricio, TX",48409,693.45
"San Saba, TX",48411,1135.3
"Schleicher, TX",48413,1310.63
"Scurry, TX",48415,905.44
"Shackelford, TX",48417,914.29
"Shelby, TX",48419,795.58
"Sherman, TX",48421,923.04
"Smith, TX",48423,921.45
"Somervell, TX",48425,186.46
"Starr, TX",48427,1223.18
"Stephens, TX",48429,896.72
"Sterling, TX",48431,923.45
"Stonewall, TX",48433,916.31
"Sutton, TX",48435,1453.93
"Swisher, TX",48437,890.16
"Tarrant, TX",48439,863.61
"Taylor, TX",48441,915.55
"Terrell, TX",48443,2358.03
"Terry, TX",48445,888.84
"Throckmorton, TX",48447,912.55
"Titus, TX",48449,406.05
"Tom Green, TX",48451,1521.97
"Travis, TX",48453,990.2
"Trinity, TX",48455,693.61
"Tyler, TX",48457,924.5
"Upshur, TX",48459,582.95
"Upton, TX",48461,1241.32
"Uvalde, TX",48463,1551.95
"Val Verde, TX",48465,3144.75
"Van Zandt, TX",48467,842.56
"Victoria, TX",48469,882.14
"Walker, TX",48471,784.17
"Waller, TX",48473,513.43
"Ward, TX",48475,835.6
"Washington, TX",48477,603.95
"Webb, TX",48479,3361.48
"Wharton, TX",48481,1086.15
"Wheeler, TX",48483,914.52
"Wichita, TX",48485,627.78
"Wilbarger, TX",48487,970.84
"Willacy, TX",48489,590.55
"Williamson, TX",48491,1118.3
"Wilson, TX",48493,803.73
"Winkler, TX",48495,841.11
"Wise, TX",48497,904.42
"Wood, TX",48499,645.23
"Yoakum, TX",48501,799.71
"Young, TX",48503,914.47
"Zapata, TX",48505,998.41
"Zavala, TX",48507,1297.41
UTAH,49000,82169.62
"Beaver, UT",49001,2589.88
"Box Elder, UT",49003,5745.55
"Cache, UT",49005,1164.81
"Carbon, UT",49007,1478.49
"Daggett, UT",49009,696.98
"Davis, UT",49011,298.78
"Duchesne, UT",49013,3240.95
"Emery, UT",49015,4462.31
"Garfield, UT",49017,5175.12
"Grand, UT",49019,3671.54
"Iron, UT",49021,3296.68
"Juab, UT",49023,3392.28
"Kane, UT",49025,3990.23
"Millard, UT",49027,6572.43
"Morgan, UT",49029,609.2
"Piute, UT",49031,757.79
"Rich, UT",49033,1028.78
"Salt Lake, UT",49035,742.28
"San Juan, UT",49037,7819.99
"Sanpete, UT",49039,1590.15
"Sevier, UT",49041,1910.58
"Summit, UT",49043,1871.71
"Tooele, UT",49045,6941.35
"Uintah, UT",49047,4479.69
"Utah, UT",49049,2003.45
"Wasatch, UT",49051,1175.5
"Washington, UT",49053,2426.36
"Wayne, UT",49055,2460.68
"Weber, UT",49057,576.08
VERMONT,50000,9216.66
"Addison, VT",50001,766.33
"Bennington, VT",50003,674.98
"Caledonia, VT",50005,648.86
"Chittenden, VT",50007,536.58
"Essex, VT",50009,663.6
"Franklin, VT",50011,633.71
"Grand Isle, VT",50013,81.81
"Lamoille, VT",50015,458.8
"Orange, VT",50017,687.03
"Orleans, VT",50019,693.27
"Rutland, VT",50021,929.82
"Washington, VT",50023,687.23
"Windham, VT",50025,785.31
"Windsor, VT",50027,969.34
VIRGINIA,51000,39490.09
"Accomack, VA",51001,449.5
"Albemarle, VA",51003,720.7
"Alleghany, VA",51005,445.46
"Amelia, VA",51007,355.27
"Amherst, VA",51009,473.93
"Appomattox, VA",51011,333.49
"Arlington, VA",51013,25.97
"Augusta, VA",51015,967
"Bath, VA",51017,529.16
"Bedford, VA",51019,753.02
"Bland, VA",51021,357.73
"Botetourt, VA",51023,541.2
"Brunswick, VA",51025,566.17
"Buchanan, VA",51027,502.76
"Buckingham, VA",51029,579.66
"Campbell, VA",51031,503.87
"Caroline, VA",51033,527.51
"Carroll, VA",51035,474.69
"Charles City, VA",51036,182.82
"Charlotte, VA",51037,475.27
"Chesterfield, VA",51041,423.3
"Clarke, VA",51043,176.18
"Craig, VA",51045,329.53
"Culpeper, VA",51047,379.23
"Cumberland, VA",51049,297.46
"Dickenson, VA",51051,330.53
"Dinwiddie, VA",51053,503.72
"Essex, VA",51057,257.12
"Fairfax, VA",51059,390.97
"Fauquier, VA",51061,647.45
"Floyd, VA",51063,380.42
"Fluvanna, VA",51065,286.01
"Franklin, VA",51067,690.43
"Frederick, VA",51069,413.5
"Giles, VA",51071,355.78
"Gloucester, VA",51073,217.81
"Goochland, VA",51075,281.42
"Grayson, VA",51077,442.18
"Greene, VA",51079,156.25
"Greensville, VA",51081,295.23
"Halifax, VA",51083,817.84
"Hanover, VA",51085,468.54
"Henrico, VA",51087,233.7
"Henry, VA",51089,382.33
"Highland, VA",51091,415.16
"Isle of Wight, VA",51093,315.61
"James City, VA",51095,142.44
"King and Queen, VA",51097,315.14
"King George, VA",51099,179.64
"King William, VA",51101,273.94
"Lancaster, VA",51103,133.25
"Lee, VA",51105,435.52
"Loudoun, VA",51107,515.56
"Louisa, VA",51109,496.3
"Lunenburg, VA",51111,431.68
"Madison, VA",51113,320.68
"Mathews, VA",51115,85.93
"Mecklenburg, VA",51117,625.49
"Middlesex, VA",51119,130.31
"Montgomery, VA",51121,387.01
"Nelson, VA",51125,470.86
"New Kent, VA",51127,209.73
"Northampton, VA",51131,211.61
"Northumberland, VA",51133,191.3
"Nottoway, VA",51135,314.39
"Orange, VA",51137,340.78
"Page, VA",51139,310.86
"Patrick, VA",51141,483.1
"Pittsylvania, VA",51143,968.94
"Powhatan, VA",51145,260.22
"Prince Edward, VA",51147,349.96
"Prince George, VA",51149,265.16
"Prince William, VA",51153,336.4
"Pulaski, VA",51155,319.86
"Rappahannock, VA",51157,266.23
"Richmond, VA",51159,191.49
"Roanoke, VA",51161,250.52
"Rockbridge, VA",51163,597.56
"Rockingham, VA",51165,849.09
"Russell, VA",51167,473.82
"Scott, VA",51169,535.53
"Shenandoah, VA",51171,508.78
"Smyth, VA",51173,450.93
"Southampton, VA",51175,599.15
"Spotsylvania, VA",51177,401.5
"Stafford, VA",51179,268.96
"Surry, VA",51181,278.95
"Sussex, VA",51183,490.22
"Tazewell, VA",51185,518.85
"Warren, VA",51187,213.47
"Washington, VA",51191,560.98
"Westmoreland, VA",51193,229.38
"Wise, VA",51195,403.19
"Wythe, VA",51197,461.82
"York, VA",51199,104.78
"Alexandria, VA",51510,15.03
"Bedford, VA",51515,6.88
"Bristol, VA",51520,13.01
"Buena Vista, VA",51530,6.7
"Charlottesville, VA",51540,10.24
"Chesapeake, VA",51550,340.8
"Clifton Forge, VA",51560,0
"Colonial Heights, VA",51570,7.52
"Covington, VA",51580,5.47
"Danville, VA",51590,42.93
"Emporia, VA",51595,6.89
"Fairfax, VA",51600,6.24
"Falls Church, VA",51610,2
"Franklin, VA",51620,8.21
"Fredericksburg, VA",51630,10.44
"Galax, VA",51640,8.24
"Hampton, VA",51650,51.41
"Harrisonburg, VA",51660,17.42
"Hopewell, VA",51670,10.28
"Lexington, VA",51678,2.5
"Lynchburg, VA",51680,49.13
"Manassas, VA",51683,9.88
"Manassas Park, VA",51685,2.53
"Martinsville, VA",51690,10.96
"Newport News, VA",51700,68.71
"Norfolk, VA",51710,54.12
"Norton, VA",51720,7.48
"Petersburg, VA",51730,22.93
"Poquoson, VA",51735,15.32
"Portsmouth, VA",51740,33.65
"Radford, VA",51750,9.87
"Richmond, VA",51760,59.81
"Roanoke, VA",51770,42.56
"Salem, VA",51775,14.44
"South Boston, VA",51780,0
"Staunton, VA",51790,19.98
"Suffolk, VA",51800,400.17
"Virginia Beach, VA",51810,249.02
"Waynesboro, VA",51820,15.04
"Williamsburg, VA",51830,9.02
"Winchester, VA",51840,9.23
WASHINGTON,53000,66455.52
"Adams, WA",53001,1924.98
"Asotin, WA",53003,636.21
"Benton, WA",53005,1700.38
"Chelan, WA",53007,2920.53
"Clallam, WA",53009,1738.33
"Clark, WA",53011,629
"Columbia, WA",53013,868.63
"Cowlitz, WA",53015,1140.13
"Douglas, WA",53017,1819.26
"Ferry, WA",53019,2203.16
"Franklin, WA",53021,1242.17
"Garfield, WA",53023,710.69
"Grant, WA",53025,2679.51
"Grays Harbor, WA",53027,1902.03
"Island, WA",53029,208.45
"Jefferson, WA",53031,1803.7
"King, WA",53033,2115.57
"Kitsap, WA",53035,394.94
"Kittitas, WA",53037,2297.27
"Klickitat, WA",53039,1871.31
"Lewis, WA",53041,2402.8
"Lincoln, WA",53043,2310.49
"Mason, WA",53045,959.42
"Okanogan, WA",53047,5267.98
"Pacific, WA",53049,932.66
"Pend Oreille, WA",53051,1399.99
"Pierce, WA",53053,1669.51
"San Juan, WA",53055,173.92
"Skagit, WA",53057,1731.2
"Skamania, WA",53059,1655.68
"Snohomish, WA",53061,2087.27
"Spokane, WA",53063,1763.79
"Stevens, WA",53065,2477.77
"Thurston, WA",53067,721.96
"Wahkiakum, WA",53069,263.38
"Walla Walla, WA",53071,1270.13
"Whatcom, WA",53073,2106.86
"Whitman, WA",53075,2159.09
"Yakima, WA",53077,4295.4
WEST VIRGINIA,54000,24038.21
"Barbour, WV",54001,341.06
"Berkeley, WV",54003,321.14
"Boone, WV",54005,501.54
"Braxton, WV",54007,510.81
"Brooke, WV",54009,89.21
"Cabell, WV",54011,281.02
"Calhoun, WV",54013,279.25
"Clay, WV",54015,341.9
"Doddridge, WV",54017,319.72
"Fayette, WV",54019,661.55
"Gilmer, WV",54021,338.5
"Grant, WV",54023,477.37
"Greenbrier, WV",54025,1019.57
"Hampshire, WV",54027,640.25
"Hancock, WV",54029,82.61
"Hardy, WV",54031,582.31
"Harrison, WV",54033,416.01
"Jackson, WV",54035,464.35
"Jefferson, WV",54037,209.64
"Kanawha, WV",54039,901.59
"Lewis, WV",54041,384.9
"Lincoln, WV",54043,437.04
"Logan, WV",54045,453.74
"McDowell, WV",54047,533.46
"Marion, WV",54049,308.74
"Marshall, WV",54051,305.43
"Mason, WV",54053,430.75
"Mercer, WV",54055,418.99
"Mineral, WV",54057,327.83
"Mingo, WV",54059,423.11
"Monongalia, WV",54061,360.06
"Monroe, WV",54063,472.75
"Morgan, WV",54065,229.07
"Nicholas, WV",54067,646.82
"Ohio, WV",54069,105.82
"Pendleton, WV",54071,696.05
"Pleasants, WV",54073,130.1
"Pocahontas, WV",54075,940.28
"Preston, WV",54077,648.81
"Putnam, WV",54079,345.67
"Raleigh, WV",54081,605.35
"Randolph, WV",54083,1039.68
"Ritchie, WV",54085,451.99
"Roane, WV",54087,483.56
"Summers, WV",54089,360.46
"Taylor, WV",54091,172.77
"Tucker, WV",54093,418.92
"Tyler, WV",54095,256.29
"Upshur, WV",54097,354.64
"Wayne, WV",54099,505.98
"Webster, WV",54101,553.47
"Wetzel, WV",54103,358.06
"Wirt, WV",54105,232.51
"Wood, WV",54107,366.26
"Wyoming, WV",54109,499.45
WISCONSIN,55000,54157.8
"Adams, WI",55001,645.65
"Ashland, WI",55003,1045.04
"Barron, WI",55005,862.71
"Bayfield, WI",55007,1477.86
"Brown, WI",55009,529.71
"Buffalo, WI",55011,671.64
"Burnett, WI",55013,821.85
"Calumet, WI",55015,318.24
"Chippewa, WI",55017,1008.37
"Clark, WI",55019,1209.82
"Columbia, WI",55021,765.53
"Crawford, WI",55023,570.66
"Dane, WI",55025,1197.24
"Dodge, WI",55027,875.63
"Door, WI",55029,481.98
"Douglas, WI",55031,1304.14
"Dunn, WI",55033,850.11
"Eau Claire, WI",55035,637.98
"Florence, WI",55037,488.2
"Fond du Lac, WI",55039,719.55
"Forest, WI",55041,1014.07
"Grant, WI",55043,1146.85
"Green, WI",55045,583.96
"Green Lake, WI",55047,349.44
"Iowa, WI",55049,762.58
"Iron, WI",55051,758.17
"Jackson, WI",55053,987.72
"Jefferson, WI",55055,556.47
"Juneau, WI",55057,766.93
"Kenosha, WI",55059,271.99
"Kewaunee, WI",55061,342.52
"La Crosse, WI",55063,451.69
"Lafayette, WI",55065,633.59
"Langlade, WI",55067,870.64
"Lincoln, WI",55069,878.97
"Manitowoc, WI",55071,589.08
"Marathon, WI",55073,1544.98
"Marinette, WI",55075,1399.35
"Marquette, WI",55077,455.6
"Menominee, WI",55078,357.61
"Milwaukee, WI",55079,241.4
"Monroe, WI",55081,900.78
"Oconto, WI",55083,997.99
"Oneida, WI",55085,1112.97
"Outagamie, WI",55087,637.52
"Ozaukee, WI",55089,233.08
"Pepin, WI",55091,231.98
"Pierce, WI",55093,573.75
"Polk, WI",55095,913.96
"Portage, WI",55097,800.68
"Price, WI",55099,1254.38
"Racine, WI",55101,332.5
"Richland, WI",55103,586.15
"Rock, WI",55105,718.14
"Rusk, WI",55107,913.59
"St. Croix, WI",55109,722.33
"Sauk, WI",55111,830.9
"Sawyer, WI",55113,1257.31
"Shawano, WI",55115,893.06
"Sheboygan, WI",55117,511.27
"Taylor, WI",55119,974.88
"Trempealeau, WI",55121,732.97
"Vernon, WI",55123,791.58
"Vilas, WI",55125,856.6
"Walworth, WI",55127,555.13
"Washburn, WI",55129,797.11
"Washington, WI",55131,430.7
"Waukesha, WI",55133,549.57
"Waupaca, WI",55135,747.71
"Waushara, WI",55137,626.15
"Winnebago, WI",55139,434.49
"Wood, WI",55141,793.12
WYOMING,56000,97093.14
"Albany, WY",56001,4273.84
"Big Horn, WY",56003,3137.1
"Campbell, WY",56005,4802.71
"Carbon, WY",56007,7897.58
"Converse, WY",56009,4254.88
"Crook, WY",56011,2854.41
"Fremont, WY",56013,9183.81
"Goshen, WY",56015,2225.39
"Hot Springs, WY",56017,2004.09
"Johnson, WY",56019,4154.15
"Laramie, WY",56021,2685.91
"Lincoln, WY",56023,4076.13
"Natrona, WY",56025,5340.35
"Niobrara, WY",56027,2626.04
"Park, WY",56029,6942.08
"Platte, WY",56031,2084.21
"Sheridan, WY",56033,2523.99
"Sublette, WY",56035,4886.54
"Sweetwater, WY",56037,10426.65
"Teton, WY",56039,3995.38
"Uinta, WY",56041,2081.26
"Washakie, WY",56043,2238.55
"Weston, WY",56045,2398.09
